"Activity Date","Process Date","Settle Date","Instrument","Description","Trans Code","Quantity","Price","Amount"
"3/13/2026","3/13/2026","3/16/2026","","Mark to market","MTM","","","($14.80)"
"3/13/2026","3/13/2026","3/16/2026","AAPL","AAPL 5/15/2026 Put $175.00","STO","1","$0.69","$68.95"
"3/13/2026","3/13/2026","3/16/2026","AAPL","AAPL 5/15/2026 Put $185.00","BTO","1","$1.07","($107.04)"
"3/13/2026","3/13/2026","3/16/2026","AAPL","AAPL 5/15/2026 Put $175.00","STO","1","$0.69","$68.95"
"3/13/2026","3/13/2026","3/16/2026","AAPL","AAPL 5/15/2026 Put $185.00","BTO","1","$1.07","($107.04)"
"3/13/2026","3/13/2026","3/16/2026","BRKB","BRKB 4/17/2026 Call $525.00","BTC","1","$1.84","($184.04)"
"3/13/2026","3/13/2026","3/16/2026","BRKB","BRKB 4/17/2026 Call $515.00","STC","1","$3.47","$346.95"
"3/13/2026","3/13/2026","3/16/2026","TSLQ","Tradr 2X Short TSLA Daily ETF\nCUSIP: 46092D384","Sell","30","$22.22","$666.45"
"3/12/2026","3/12/2026","3/13/2026","","Mark to market","MTM","","","($4.59)"
"3/12/2026","3/12/2026","3/13/2026","UNG","UNG 4/17/2026 Call $20.00","STO","2","$0.23","$45.91"
"3/12/2026","3/12/2026","3/13/2026","UNG","UNG 4/17/2026 Call $15.00","BTO","2","$0.71","($142.08)"
"3/12/2026","3/12/2026","3/13/2026","JPM","JPM 4/17/2026 Put $235.00","STO","1","$2.15","$214.95"
"3/12/2026","3/12/2026","3/13/2026","JPM","JPM 4/17/2026 Put $250.00","BTO","1","$3.73","($373.04)"
"3/12/2026","3/12/2026","3/13/2026","AAPL","AAPL 4/17/2026 Put $210.00","STO","1","$0.98","$97.95"
"3/12/2026","3/12/2026","3/13/2026","AAPL","AAPL 4/17/2026 Put $235.00","BTO","1","$3.18","($318.04)"
"3/12/2026","3/12/2026","3/13/2026","BRKB","BRKB 4/17/2026 Call $525.00","STO","1","$1.83","$182.95"
"3/12/2026","3/12/2026","3/13/2026","BRKB","BRKB 4/17/2026 Call $515.00","BTO","1","$3.60","($360.04)"
"3/12/2026","3/12/2026","3/13/2026","XLF","XLF 4/17/2026 Put $45.00","BTC","2","$0.60","($120.08)"
"3/12/2026","3/12/2026","3/13/2026","XLF","XLF 4/17/2026 Put $50.00","STC","2","$2.07","$413.91"
"3/12/2026","3/12/2026","3/13/2026","IBIT","IBIT 4/17/2026 Put $30.00","STO","1","$0.40","$39.95"
"3/12/2026","3/12/2026","3/13/2026","IBIT","IBIT 4/17/2026 Put $36.00","BTO","1","$1.30","($130.04)"
"3/12/2026","3/12/2026","3/13/2026","IBIT","IBIT 4/17/2026 Call $45.00","BTO","1","$0.84","($84.04)"
"3/12/2026","3/12/2026","3/13/2026","IBIT","IBIT 4/17/2026 Call $50.00","STO","1","$0.25","$24.95"
"3/12/2026","3/12/2026","3/13/2026","IBIT","IBIT 4/17/2026 Put $30.00","STO","1","$0.40","$39.95"
"3/12/2026","3/12/2026","3/13/2026","IBIT","IBIT 4/17/2026 Put $36.00","BTO","1","$1.30","($130.04)"
"3/12/2026","3/12/2026","3/13/2026","IBIT","IBIT 4/17/2026 Call $45.00","BTO","1","$0.84","($84.04)"
"3/12/2026","3/12/2026","3/13/2026","IBIT","IBIT 4/17/2026 Call $50.00","STO","1","$0.25","$24.95"
"3/12/2026","3/12/2026","3/13/2026","IGV","IGV 4/17/2026 Put $75.00","STO","1","$0.87","$86.95"
"3/12/2026","3/12/2026","3/13/2026","IGV","IGV 4/17/2026 Put $83.00","BTO","1","$2.52","($252.04)"
"3/12/2026","3/12/2026","3/13/2026","XLE","XLE 4/17/2026 Call $62.50","BTC","2","$0.43","($86.08)"
"3/12/2026","3/12/2026","3/13/2026","XLE","XLE 4/17/2026 Call $57.50","STC","2","$1.87","$373.91"
"3/11/2026","3/11/2026","3/12/2026","","Mark to market","MTM","","","$23.00"
"3/11/2026","3/11/2026","3/12/2026","","ACH Withdrawal","ACH","","","($400.00)"
"3/11/2026","3/11/2026","3/12/2026","TSLQ","Tradr 2X Short TSLA Daily ETF\nCUSIP: 46092D384","Buy","10","$20.85","($208.50)"
"3/10/2026","3/10/2026","3/11/2026","ECL","ECL 4/17/2026 Call $310.00","BTC","1","$1.15","($115.04)"
"3/10/2026","3/10/2026","3/11/2026","ECL","ECL 4/17/2026 Call $300.00","STC","1","$2.60","$259.95"
"3/10/2026","3/10/2026","3/11/2026","XLE","XLE 4/17/2026 Call $62.50","STO","1","$0.25","$24.95"
"3/10/2026","3/10/2026","3/11/2026","XLE","XLE 4/17/2026 Call $57.50","BTO","1","$1.19","($119.04)"
"3/10/2026","3/10/2026","3/11/2026","TSLQ","Tradr 2X Short TSLA Daily ETF\nCUSIP: 46092D384","Buy","20","$21.70","($434.00)"
"3/10/2026","3/10/2026","3/11/2026","ECL","ECL 4/17/2026 Call $310.00","STO","1","$1.30","$129.95"
"3/10/2026","3/10/2026","3/11/2026","ECL","ECL 4/17/2026 Call $300.00","BTO","1","$3.14","($314.04)"
"3/10/2026","3/10/2026","3/11/2026","XLF","XLF 4/17/2026 Put $45.00","STO","2","$0.35","$69.91"
"3/10/2026","3/10/2026","3/11/2026","XLF","XLF 4/17/2026 Put $50.00","BTO","2","$1.30","($260.08)"
"3/10/2026","3/10/2026","3/11/2026","XLE","XLE 4/17/2026 Call $62.50","STO","1","$0.25","$24.95"
"3/10/2026","3/10/2026","3/11/2026","XLE","XLE 4/17/2026 Call $57.50","BTO","1","$1.19","($119.04)"
"3/10/2026","3/10/2026","3/11/2026","IGV","IGV 4/17/2026 Put $75.00","STO","1","$0.96","$95.95"
"3/10/2026","3/10/2026","3/11/2026","IGV","IGV 4/17/2026 Put $83.00","BTO","1","$2.62","($262.04)"
"3/10/2026","3/10/2026","3/11/2026","IBIT","IBIT 3/20/2026 Put $35.50","BTC","1","$0.25","($25.04)"
"3/10/2026","3/10/2026","3/11/2026","IBIT","IBIT 3/20/2026 Put $37.50","STC","1","$0.50","$49.95"
"3/10/2026","3/10/2026","3/11/2026","IBIT","IBIT 3/20/2026 Call $43.50","BTC","2","$0.44","($88.08)"
"3/10/2026","3/10/2026","3/11/2026","IBIT","IBIT 3/20/2026 Call $41.00","STC","2","$1.24","$247.91"
"3/10/2026","3/10/2026","3/11/2026","XLF","XLF 4/17/2026 Put $45.00","BTC","1","$0.32","($32.04)"
"3/10/2026","3/10/2026","3/11/2026","XLF","XLF 4/17/2026 Put $49.00","STC","1","$0.88","$87.95"
"3/10/2026","3/10/2026","3/11/2026","NEM","NEM 3/20/2026 Call $125.00","BTC","1","$2.22","($222.04)"
"3/10/2026","3/10/2026","3/11/2026","NEM","NEM 3/20/2026 Call $115.00","STC","1","$6.85","$684.95"
"3/10/2026","3/10/2026","3/11/2026","AMZN","AMZN 3/20/2026 Put $195.00","BTC","1","$0.71","($71.04)"
"3/10/2026","3/10/2026","3/11/2026","AMZN","AMZN 3/20/2026 Put $200.00","STC","1","$1.12","$111.95"
"3/9/2026","3/9/2026","3/10/2026","IBIT","IBIT 3/20/2026 Put $37.50","BTO","1","$0.93","($93.04)"
"3/9/2026","3/9/2026","3/10/2026","IBIT","IBIT 3/20/2026 Put $35.50","STO","1","$0.48","$47.95"
"3/9/2026","3/9/2026","3/10/2026","IBIT","IBIT 3/20/2026 Call $41.00","BTO","2","$0.77","($154.08)"
"3/9/2026","3/9/2026","3/10/2026","IBIT","IBIT 3/20/2026 Call $43.50","STO","2","$0.24","$47.91"
"3/9/2026","3/9/2026","3/10/2026","AMZN","AMZN 3/20/2026 Put $195.00","BTC","1","$1.80","($180.04)"
"3/9/2026","3/9/2026","3/10/2026","AMZN","AMZN 3/20/2026 Put $200.00","STC","1","$2.61","$260.95"
"3/9/2026","3/9/2026","3/10/2026","IWM","IWM 3/20/2026 Put $245.00","STC","1","$5.20","$519.95"
"3/9/2026","3/9/2026","3/10/2026","IWM","IWM 3/20/2026 Put $239.00","BTC","1","$3.39","($339.04)"
"3/9/2026","3/9/2026","3/10/2026","XLF","XLF 4/17/2026 Put $45.00","BTC","1","$0.55","($55.04)"
"3/9/2026","3/9/2026","3/10/2026","XLF","XLF 4/17/2026 Put $49.00","STC","1","$1.39","$138.95"
"3/9/2026","3/9/2026","3/10/2026","NEM","NEM 3/20/2026 Call $115.00","BTO","1","$3.81","($381.04)"
"3/9/2026","3/9/2026","3/10/2026","NEM","NEM 3/20/2026 Call $125.00","STO","1","$1.14","$113.95"
"3/9/2026","3/9/2026","3/10/2026","TSLA","TSLA 3/13/2026 Put $390.00","STC","1","$11.15","$1,114.95"
"3/9/2026","3/9/2026","3/10/2026","TSLA","TSLA 3/13/2026 Put $380.00","BTC","1","$6.80","($680.04)"
"3/9/2026","3/9/2026","3/10/2026","PLTR","PLTR 3/13/2026 Put $147.00","BTC","1","$1.94","($194.04)"
"3/9/2026","3/9/2026","3/10/2026","PLTR","PLTR 3/13/2026 Put $152.50","STC","1","$3.62","$361.95"
"3/9/2026","3/9/2026","3/10/2026","TOST","TOST 4/17/2026 Call $38.00","BTC","1","$0.16","($16.04)"
"3/9/2026","3/9/2026","3/10/2026","TOST","TOST 4/17/2026 Call $33.00","STC","1","$0.74","$73.95"
"3/6/2026","3/6/2026","3/9/2026","CRCL","Option Expiration for CRCL 3/6/2026 Put $64.00","OEXP","8","",""
"3/6/2026","3/6/2026","3/9/2026","STUB","Option Expiration for STUB 3/6/2026 Call $14.00","OEXP","2","",""
"3/6/2026","3/6/2026","3/9/2026","STUB","Option Expiration for STUB 3/6/2026 Call $11.50","OEXP","2S","",""
"3/6/2026","3/6/2026","3/9/2026","CRCL","Option Expiration for CRCL 3/6/2026 Put $69.00","OEXP","8S","",""
"3/6/2026","3/6/2026","3/9/2026","","ACH Withdrawal","ACH","","","($400.00)"
"3/6/2026","3/6/2026","3/9/2026","PLTR","PLTR 3/13/2026 Put $147.00","STO","1","$1.75","$174.95"
"3/6/2026","3/6/2026","3/9/2026","PLTR","PLTR 3/13/2026 Put $152.50","BTO","1","$3.08","($308.04)"
"3/6/2026","3/6/2026","3/9/2026","TECK","TECK 4/17/2026 Call $75.00","BTC","1","$0.27","($27.04)"
"3/6/2026","3/6/2026","3/9/2026","TECK","TECK 4/17/2026 Call $65.00","STC","1","$0.70","$69.95"
"3/6/2026","3/6/2026","3/9/2026","TOST","TOST 4/17/2026 Call $38.00","STO","1","$0.28","$27.95"
"3/6/2026","3/6/2026","3/9/2026","TOST","TOST 4/17/2026 Call $33.00","BTO","1","$1.23","($123.04)"
"3/6/2026","3/6/2026","3/9/2026","XLF","XLF 4/17/2026 Put $45.00","BTC","1","$0.50","($50.04)"
"3/6/2026","3/6/2026","3/9/2026","XLF","XLF 4/17/2026 Put $49.00","STC","1","$1.16","$115.95"
"3/6/2026","3/6/2026","3/9/2026","IWM","IWM 3/20/2026 Put $245.00","STC","1","$3.60","$359.95"
"3/6/2026","3/6/2026","3/9/2026","IWM","IWM 3/20/2026 Put $239.00","BTC","1","$2.29","($229.04)"
"3/6/2026","3/6/2026","3/9/2026","CRCL","CRCL 3/13/2026 Put $89.00","BTC","1","$1.06","($106.04)"
"3/6/2026","3/6/2026","3/9/2026","CRCL","CRCL 3/13/2026 Put $95.00","STC","1","$2.14","$213.95"
"3/6/2026","3/6/2026","3/9/2026","AAPL","AAPL 3/20/2026 Put $255.00","BTC","1","$4.70","($470.04)"
"3/6/2026","3/6/2026","3/9/2026","AAPL","AAPL 3/20/2026 Put $260.00","STC","1","$6.75","$674.95"
"3/5/2026","3/5/2026","3/5/2026","","Crypto deposit bonus","MISC","","","$3.02"
"3/5/2026","3/5/2026","3/6/2026","AMZN","AMZN 3/20/2026 Put $195.00","STO","1","$0.85","$84.95"
"3/5/2026","3/5/2026","3/6/2026","AMZN","AMZN 3/20/2026 Put $200.00","BTO","1","$1.33","($133.04)"
"3/5/2026","3/5/2026","3/6/2026","AMZN","AMZN 3/20/2026 Put $195.00","STO","1","$0.85","$84.95"
"3/5/2026","3/5/2026","3/6/2026","AMZN","AMZN 3/20/2026 Put $200.00","BTO","1","$1.33","($133.04)"
"3/5/2026","3/5/2026","3/6/2026","TSLA","TSLA 3/13/2026 Put $380.00","STO","1","$3.04","$303.95"
"3/5/2026","3/5/2026","3/6/2026","TSLA","TSLA 3/13/2026 Put $390.00","BTO","1","$5.02","($502.04)"
"3/5/2026","3/5/2026","3/6/2026","XLF","XLF 4/17/2026 Put $45.00","STO","3","$0.31","$92.87"
"3/5/2026","3/5/2026","3/6/2026","XLF","XLF 4/17/2026 Put $49.00","BTO","3","$0.82","($246.12)"
"3/5/2026","3/5/2026","3/6/2026","CRCL","CRCL 3/13/2026 Put $89.00","STO","1","$0.72","$71.95"
"3/5/2026","3/5/2026","3/6/2026","CRCL","CRCL 3/13/2026 Put $95.00","BTO","1","$1.44","($144.04)"
"3/5/2026","3/5/2026","3/6/2026","TECK","TECK 4/17/2026 Call $75.00","STO","1","$0.33","$32.95"
"3/5/2026","3/5/2026","3/6/2026","TECK","TECK 4/17/2026 Call $65.00","BTO","1","$1.16","($116.04)"
"3/5/2026","3/5/2026","3/6/2026","IWM","IWM 3/20/2026 Put $239.00","STO","1","$1.23","$122.95"
"3/5/2026","3/5/2026","3/6/2026","IWM","IWM 3/20/2026 Put $245.00","BTO","1","$2.10","($210.04)"
"3/5/2026","3/5/2026","3/6/2026","IWM","IWM 3/20/2026 Put $239.00","STO","1","$1.23","$122.95"
"3/5/2026","3/5/2026","3/6/2026","IWM","IWM 3/20/2026 Put $245.00","BTO","1","$2.10","($210.04)"
"3/4/2026","3/4/2026","3/5/2026","AAPL","AAPL 3/20/2026 Put $255.00","STO","1","$3.07","$306.95"
"3/4/2026","3/4/2026","3/5/2026","AAPL","AAPL 3/20/2026 Put $260.00","BTO","1","$4.53","($453.04)"
"3/4/2026","3/4/2026","3/5/2026","TSLA","TSLA 3/20/2026 Put $360.00","STC","1","$2.67","$266.95"
"3/4/2026","3/4/2026","3/5/2026","TSLA","TSLA 3/20/2026 Put $350.00","BTC","1","$1.94","($194.04)"
"3/4/2026","3/4/2026","3/5/2026","META","META 3/13/2026 Put $570.00","BTC","2","$0.32","($64.08)"
"3/4/2026","3/4/2026","3/5/2026","META","META 3/13/2026 Put $580.00","STC","2","$0.44","$87.91"
"3/4/2026","3/4/2026","3/5/2026","META","META 3/13/2026 Put $570.00","BTC","1","$0.32","($32.04)"
"3/4/2026","3/4/2026","3/5/2026","META","META 3/13/2026 Put $580.00","STC","1","$0.44","$43.95"
"3/4/2026","3/4/2026","3/5/2026","RIOT","RIOT 3/13/2026 Call $19.00","BTC","5","$0.17","($85.20)"
"3/4/2026","3/4/2026","3/5/2026","RIOT","RIOT 3/13/2026 Call $17.50","STC","5","$0.42","$209.78"
"3/4/2026","3/4/2026","3/5/2026","META","META 3/13/2026 Put $570.00","STO","1","$0.67","$66.95"
"3/4/2026","3/4/2026","3/5/2026","META","META 3/13/2026 Put $580.00","BTO","1","$0.96","($96.04)"
"3/4/2026","3/4/2026","3/5/2026","NFLX","NFLX 3/6/2026 Put $89.00","BTC","3","$0.08","($24.12)"
"3/4/2026","3/4/2026","3/5/2026","NFLX","NFLX 3/6/2026 Put $94.00","STC","3","$0.25","$74.87"
"3/3/2026","3/3/2026","3/4/2026","RIOT","RIOT 3/13/2026 Call $19.00","STO","5","$0.18","$89.78"
"3/3/2026","3/3/2026","3/4/2026","RIOT","RIOT 3/13/2026 Call $17.50","BTO","5","$0.42","($210.20)"
"3/3/2026","3/3/2026","3/4/2026","XYZ","XYZ 3/20/2026 Put $57.00","BTC","1","$0.85","($85.04)"
"3/3/2026","3/3/2026","3/4/2026","XYZ","XYZ 3/20/2026 Put $61.00","STC","1","$1.82","$181.95"
"3/3/2026","3/3/2026","3/4/2026","XLF","XLF 3/20/2026 Put $47.50","BTC","2","$0.31","($62.08)"
"3/3/2026","3/3/2026","3/4/2026","XLF","XLF 3/20/2026 Put $50.00","STC","2","$0.69","$137.91"
"3/3/2026","3/3/2026","3/4/2026","GS","GS 5/15/2026 Put $730.00","BTC","1","$18.80","($1,880.04)"
"3/3/2026","3/3/2026","3/4/2026","GS","GS 5/15/2026 Put $740.00","STC","1","$20.30","$2,029.95"
"3/3/2026","3/3/2026","3/4/2026","TSLA","TSLA 3/20/2026 Put $350.00","STO","1","$3.94","$393.95"
"3/3/2026","3/3/2026","3/4/2026","TSLA","TSLA 3/20/2026 Put $360.00","BTO","1","$5.46","($546.04)"
"3/3/2026","3/3/2026","3/4/2026","STUB","STUB 3/6/2026 Call $14.00","STO","2","$0.05","$9.91"
"3/3/2026","3/3/2026","3/4/2026","STUB","STUB 3/6/2026 Call $11.50","BTO","2","$0.48","($96.08)"
"3/3/2026","3/3/2026","3/4/2026","META","META 3/13/2026 Put $570.00","STO","2","$1.96","$391.91"
"3/3/2026","3/3/2026","3/4/2026","META","META 3/13/2026 Put $580.00","BTO","2","$2.68","($536.08)"
"3/3/2026","3/3/2026","3/4/2026","IBIT","IBIT 3/20/2026 Put $35.50","BTC","2","$0.95","($190.08)"
"3/3/2026","3/3/2026","3/4/2026","IBIT","IBIT 3/20/2026 Put $38.00","STC","2","$1.83","$365.91"
"3/3/2026","3/3/2026","3/4/2026","XYZ","XYZ 3/20/2026 Put $57.00","BTC","1","$1.08","($108.04)"
"3/3/2026","3/3/2026","3/4/2026","XYZ","XYZ 3/20/2026 Put $61.00","STC","1","$2.35","$234.95"
"3/3/2026","3/3/2026","3/4/2026","TSLA","TSLA 3/20/2026 Put $370.00","BTC","1","$8.18","($818.04)"
"3/3/2026","3/3/2026","3/4/2026","TSLA","TSLA 3/20/2026 Put $380.00","STC","1","$11.18","$1,117.95"
"3/3/2026","3/3/2026","3/4/2026","GS","GS 5/15/2026 Put $730.00","BTC","1","$23.10","($2,310.04)"
"3/3/2026","3/3/2026","3/4/2026","GS","GS 5/15/2026 Put $740.00","STC","1","$25.30","$2,529.95"
"3/3/2026","3/3/2026","3/4/2026","BOIL","BOIL 3/20/2026 Call $21.50","BTC","2","$1.40","($280.08)"
"3/3/2026","3/3/2026","3/4/2026","BOIL","BOIL 3/20/2026 Call $18.50","STC","2","$2.49","$497.91"
"3/3/2026","3/3/2026","3/4/2026","NFLX","NFLX 3/6/2026 Put $94.00","BTO","1","$0.73","($73.04)"
"3/3/2026","3/3/2026","3/4/2026","NFLX","NFLX 3/6/2026 Put $89.00","STO","1","$0.15","$14.95"
"3/3/2026","3/3/2026","3/3/2026","","Aggregated Margin Rate","MINT","","","($0.04)"
"3/2/2026","3/2/2026","3/3/2026","TSLA","Option Expiration for TSLA 3/2/2026 Put $335.00","OEXP","4","",""
"3/2/2026","3/2/2026","3/3/2026","TSLA","Option Expiration for TSLA 3/2/2026 Put $340.00","OEXP","4S","",""
"3/2/2026","3/2/2026","3/3/2026","XLF","XLF 3/20/2026 Put $47.50","STO","2","$0.20","$39.91"
"3/2/2026","3/2/2026","3/3/2026","XLF","XLF 3/20/2026 Put $50.00","BTO","2","$0.48","($96.08)"
"3/2/2026","3/2/2026","3/3/2026","IWM","IWM 3/6/2026 Put $254.00","BTC","2","$0.66","($132.08)"
"3/2/2026","3/2/2026","3/3/2026","IWM","IWM 3/6/2026 Put $258.00","STC","2","$1.22","$243.91"
"3/2/2026","3/2/2026","3/3/2026","XYZ","XYZ 3/20/2026 Put $57.00","STO","2","$0.63","$125.91"
"3/2/2026","3/2/2026","3/3/2026","XYZ","XYZ 3/20/2026 Put $61.00","BTO","2","$1.45","($290.08)"
"3/2/2026","3/2/2026","3/3/2026","BOIL","BOIL 3/20/2026 Call $21.50","STO","1","$0.54","$53.95"
"3/2/2026","3/2/2026","3/3/2026","BOIL","BOIL 3/20/2026 Call $18.50","BTO","1","$1.17","($117.04)"
"3/2/2026","3/2/2026","3/3/2026","BOIL","BOIL 3/20/2026 Call $21.50","STO","1","$0.55","$54.95"
"3/2/2026","3/2/2026","3/3/2026","BOIL","BOIL 3/20/2026 Call $18.50","BTO","1","$1.18","($118.04)"
"3/2/2026","3/2/2026","3/3/2026","IBIT","IBIT 3/20/2026 Put $38.00","BTO","2","$1.25","($250.08)"
"3/2/2026","3/2/2026","3/3/2026","IBIT","IBIT 3/20/2026 Put $35.50","STO","2","$0.61","$121.91"
"3/2/2026","3/2/2026","3/3/2026","CRCL","CRCL 3/6/2026 Put $64.00","STO","2","$0.06","$11.91"
"3/2/2026","3/2/2026","3/3/2026","CRCL","CRCL 3/6/2026 Put $69.00","BTO","2","$0.11","($22.08)"
"3/2/2026","3/2/2026","3/3/2026","IWM","IWM 3/6/2026 Put $258.00","BTO","2","$2.16","($432.08)"
"3/2/2026","3/2/2026","3/3/2026","IWM","IWM 3/6/2026 Put $254.00","STO","2","$1.22","$243.91"
"3/2/2026","3/2/2026","3/3/2026","NFLX","NFLX 3/6/2026 Put $89.00","STO","2","$0.21","$41.91"
"3/2/2026","3/2/2026","3/3/2026","NFLX","NFLX 3/6/2026 Put $94.00","BTO","2","$1.01","($202.08)"
"3/2/2026","3/2/2026","3/3/2026","PLTR","PLTR 3/6/2026 Put $120.00","BTC","1","$0.44","($44.04)"
"3/2/2026","3/2/2026","3/3/2026","PLTR","PLTR 3/6/2026 Put $130.00","STC","1","$1.01","$100.95"
"2/27/2026","2/27/2026","3/2/2026","SMH","Option Expiration for SMH 2/27/2026 Call $457.50","OEXP","1","",""
"2/27/2026","2/27/2026","3/2/2026","SMH","Option Expiration for SMH 2/27/2026 Call $450.00","OEXP","1S","",""
"2/27/2026","2/27/2026","3/2/2026","TSLA","TSLA 3/20/2026 Put $370.00","BTC","1","$5.40","($540.04)"
"2/27/2026","2/27/2026","3/2/2026","TSLA","TSLA 3/20/2026 Put $380.00","STC","1","$7.65","$764.95"
"2/27/2026","2/27/2026","3/2/2026","XLF","XLF 6/18/2026 Put $48.00","BTC","6","$1.28","($768.24)"
"2/27/2026","2/27/2026","3/2/2026","XLF","XLF 6/18/2026 Put $50.00","STC","6","$1.80","$1,079.74"
"2/27/2026","2/27/2026","3/2/2026","PLTR","PLTR 3/6/2026 Put $120.00","STO","1","$0.51","$50.95"
"2/27/2026","2/27/2026","3/2/2026","PLTR","PLTR 3/6/2026 Put $130.00","BTO","1","$1.92","($192.04)"
"2/27/2026","2/27/2026","3/2/2026","QQQ","QQQ 3/20/2026 Put $584.00","STC","1","$6.31","$630.95"
"2/27/2026","2/27/2026","3/2/2026","QQQ","QQQ 3/20/2026 Put $570.00","BTC","1","$4.11","($411.04)"
"2/27/2026","2/27/2026","3/2/2026","QQQ","QQQ 3/20/2026 Put $584.00","STC","1","$6.51","$650.95"
"2/27/2026","2/27/2026","3/2/2026","QQQ","QQQ 3/20/2026 Put $570.00","BTC","1","$4.26","($426.04)"
"2/27/2026","2/27/2026","3/2/2026","XLF","XLF 6/18/2026 Put $43.00","STC","2","$0.50","$99.91"
"2/27/2026","2/27/2026","3/2/2026","SMH","SMH 3/20/2026 Put $370.00","BTC","2","$5.32","($1,064.08)"
"2/27/2026","2/27/2026","3/2/2026","SMH","SMH 3/20/2026 Put $380.00","STC","2","$7.32","$1,463.91"
"2/27/2026","2/27/2026","3/2/2026","FCX","FCX 3/6/2026 Put $63.00","BTC","2","$0.50","($100.08)"
"2/27/2026","2/27/2026","3/2/2026","FCX","FCX 3/6/2026 Put $67.00","STC","2","$1.47","$293.91"
"2/27/2026","2/27/2026","3/2/2026","CRCL","CRCL 3/6/2026 Put $64.00","STO","1","$0.20","$19.95"
"2/27/2026","2/27/2026","3/2/2026","CRCL","CRCL 3/6/2026 Put $69.00","BTO","1","$0.41","($41.04)"
"2/27/2026","2/27/2026","3/2/2026","CRCL","CRCL 3/6/2026 Put $64.00","STO","1","$0.20","$19.95"
"2/27/2026","2/27/2026","3/2/2026","CRCL","CRCL 3/6/2026 Put $69.00","BTO","1","$0.41","($41.04)"
"2/26/2026","2/26/2026","2/27/2026","CRCL","CRCL 3/6/2026 Put $69.00","BTO","1","$0.43","($43.04)"
"2/26/2026","2/26/2026","2/27/2026","CRCL","CRCL 3/6/2026 Put $64.00","STO","1","$0.25","$24.95"
"2/26/2026","2/26/2026","2/27/2026","QQQ","QQQ 3/20/2026 Put $570.00","STO","1","$3.65","$364.95"
"2/26/2026","2/26/2026","2/27/2026","QQQ","QQQ 3/20/2026 Put $584.00","BTO","1","$5.68","($568.04)"
"2/26/2026","2/26/2026","2/27/2026","QQQ","QQQ 3/20/2026 Put $570.00","STO","1","$3.65","$364.95"
"2/26/2026","2/26/2026","2/27/2026","QQQ","QQQ 3/20/2026 Put $584.00","BTO","1","$5.68","($568.04)"
"2/26/2026","2/26/2026","2/27/2026","ELV","ELV 3/20/2026 Put $310.00","STC","1","$4.67","$466.95"
"2/26/2026","2/26/2026","2/27/2026","ELV","ELV 3/20/2026 Put $290.00","BTC","1","$1.62","($162.04)"
"2/26/2026","2/26/2026","2/27/2026","FXI","FXI 5/15/2026 Put $35.00","BTC","2","$0.72","($144.08)"
"2/26/2026","2/26/2026","2/27/2026","FXI","FXI 5/15/2026 Put $37.00","STC","2","$1.37","$273.91"
"2/26/2026","2/26/2026","2/27/2026","CRBG","CRBG 7/17/2026 Put $21.00","BTC","1","$0.65","($65.04)"
"2/26/2026","2/26/2026","2/27/2026","CRBG","CRBG 7/17/2026 Put $25.00","STC","1","$1.37","$136.95"
"2/26/2026","2/26/2026","2/27/2026","CRBG","CRBG 7/17/2026 Put $21.00","BTC","1","$0.65","($65.04)"
"2/26/2026","2/26/2026","2/27/2026","CRBG","CRBG 7/17/2026 Put $25.00","STC","1","$1.37","$136.95"
"2/26/2026","2/26/2026","2/27/2026","CRCL","CRCL 3/6/2026 Put $64.00","STO","1","$0.23","$22.95"
"2/26/2026","2/26/2026","2/27/2026","CRCL","CRCL 3/6/2026 Put $69.00","BTO","1","$0.44","($44.04)"
"2/26/2026","2/26/2026","2/27/2026","XLF","XLF 6/18/2026 Put $48.00","STO","1","$0.82","$81.95"
"2/26/2026","2/26/2026","2/27/2026","XLF","XLF 6/18/2026 Put $50.00","BTO","1","$1.21","($121.04)"
"2/26/2026","2/26/2026","2/27/2026","ELV","ELV 3/20/2026 Put $310.00","STC","1","$4.02","$401.95"
"2/26/2026","2/26/2026","2/27/2026","ELV","ELV 3/20/2026 Put $290.00","BTC","1","$1.43","($143.04)"
"2/26/2026","2/26/2026","2/27/2026","FXI","FXI 5/15/2026 Put $35.00","BTC","3","$0.72","($216.12)"
"2/26/2026","2/26/2026","2/27/2026","FXI","FXI 5/15/2026 Put $37.00","STC","3","$1.38","$413.87"
"2/26/2026","2/26/2026","2/27/2026","IBIT","IBIT 3/6/2026 Call $40.50","STC","1","$0.45","$44.95"
"2/26/2026","2/26/2026","2/27/2026","IBIT","IBIT 3/6/2026 Call $45.00","BTC","1","$0.05","($5.04)"
"2/26/2026","2/26/2026","2/27/2026","LUV","LUV 3/20/2026 Put $41.00","BTC","2","$0.20","($40.08)"
"2/26/2026","2/26/2026","2/27/2026","LUV","LUV 3/20/2026 Put $45.00","STC","2","$0.50","$99.91"
"2/25/2026","2/25/2026","2/26/2026","","Mark to market","MTM","","","($34.40)"
"2/25/2026","2/25/2026","2/26/2026","QQQ","Option Expiration for QQQ 2/25/2026 Put $581.00","OEXP","2","",""
"2/25/2026","2/25/2026","2/26/2026","QQQ","Option Expiration for QQQ 2/25/2026 Put $590.00","OEXP","2S","",""
"2/25/2026","2/25/2026","2/26/2026","SMH","SMH 2/27/2026 Call $457.50","STO","1","$0.18","$17.95"
"2/25/2026","2/25/2026","2/26/2026","SMH","SMH 2/27/2026 Call $450.00","BTO","1","$0.55","($55.04)"
"2/25/2026","2/25/2026","2/26/2026","IBIT","IBIT 3/6/2026 Call $40.50","BTO","1","$0.77","($77.04)"
"2/25/2026","2/25/2026","2/26/2026","IBIT","IBIT 3/6/2026 Call $45.00","STO","1","$0.09","$8.95"
"2/25/2026","2/25/2026","2/26/2026","FCX","FCX 3/6/2026 Put $63.00","STO","2","$0.53","$105.91"
"2/25/2026","2/25/2026","2/26/2026","FCX","FCX 3/6/2026 Put $67.00","BTO","2","$1.53","($306.08)"
"2/25/2026","2/25/2026","2/26/2026","CRBG","CRBG 7/17/2026 Put $21.00","STO","1","$0.66","$65.95"
"2/25/2026","2/25/2026","2/26/2026","CRBG","CRBG 7/17/2026 Put $21.00","STO","1","$0.66","$65.95"
"2/25/2026","2/25/2026","2/26/2026","CRBG","CRBG 7/17/2026 Put $25.00","BTO","1","$1.53","($153.04)"
"2/25/2026","2/25/2026","2/26/2026","CRBG","CRBG 7/17/2026 Put $25.00","BTO","1","$1.53","($153.04)"
"2/25/2026","2/25/2026","2/26/2026","TFC","TFC 3/20/2026 Put $42.50","BTC","2","$0.12","($24.08)"
"2/25/2026","2/25/2026","2/26/2026","TFC","TFC 3/20/2026 Put $47.50","STC","2","$0.55","$109.91"
"2/25/2026","2/25/2026","2/26/2026","CRCL","CRCL 3/6/2026 Put $64.00","STO","2","$0.77","$153.91"
"2/25/2026","2/25/2026","2/26/2026","CRCL","CRCL 3/6/2026 Put $69.00","BTO","2","$1.67","($334.08)"
"2/24/2026","2/24/2026","2/25/2026","","Mark to market","MTM","","","($31.25)"
"2/24/2026","2/24/2026","2/25/2026","LUV","LUV 3/20/2026 Put $41.00","STO","1","$0.25","$24.95"
"2/24/2026","2/24/2026","2/25/2026","LUV","LUV 3/20/2026 Put $45.00","BTO","1","$0.70","($70.04)"
"2/24/2026","2/24/2026","2/25/2026","LUV","LUV 3/20/2026 Put $41.00","STO","1","$0.25","$24.95"
"2/24/2026","2/24/2026","2/25/2026","LUV","LUV 3/20/2026 Put $45.00","BTO","1","$0.70","($70.04)"
"2/24/2026","2/24/2026","2/25/2026","IBIT","IBIT 2/27/2026 Call $42.00","BTC","4","$0.02","($8.16)"
"2/24/2026","2/24/2026","2/25/2026","IBIT","IBIT 2/27/2026 Call $39.00","STC","4","$0.09","$35.83"
"2/24/2026","2/24/2026","2/25/2026","IBIT","IBIT 2/27/2026 Put $36.00","STC","4","$0.51","$203.83"
"2/24/2026","2/24/2026","2/25/2026","IBIT","IBIT 2/27/2026 Put $33.50","BTC","4","$0.13","($52.16)"
"2/24/2026","2/24/2026","2/25/2026","PFE","PFE 3/20/2026 Call $31.00","BTC","2","$0.03","($6.08)"
"2/24/2026","2/24/2026","2/25/2026","PFE","PFE 3/20/2026 Call $29.00","STC","2","$0.14","$27.91"
"2/24/2026","2/24/2026","2/25/2026","PFE","PFE 3/20/2026 Call $31.00","BTC","1","$0.03","($3.04)"
"2/24/2026","2/24/2026","2/25/2026","PFE","PFE 3/20/2026 Call $29.00","STC","1","$0.14","$13.95"
"2/24/2026","2/24/2026","2/25/2026","PFE","PFE 3/20/2026 Call $31.00","BTC","1","$0.03","($3.04)"
"2/24/2026","2/24/2026","2/25/2026","PFE","PFE 3/20/2026 Call $29.00","STC","1","$0.14","$13.95"
"2/24/2026","2/24/2026","2/25/2026","PFE","PFE 3/20/2026 Call $31.00","BTC","2","$0.03","($6.08)"
"2/24/2026","2/24/2026","2/25/2026","PFE","PFE 3/20/2026 Call $29.00","STC","2","$0.14","$27.91"
"2/23/2026","2/23/2026","2/24/2026","","Mark to market","MTM","","","$23.16"
"2/23/2026","2/23/2026","2/24/2026","TFC","TFC 3/20/2026 Put $42.50","STO","2","$0.18","$35.91"
"2/23/2026","2/23/2026","2/24/2026","TFC","TFC 3/20/2026 Put $47.50","BTO","2","$0.73","($146.08)"
"2/23/2026","2/23/2026","2/24/2026","TSLA","TSLA 3/2/2026 Put $335.00","STO","4","$0.42","$167.83"
"2/23/2026","2/23/2026","2/24/2026","TSLA","TSLA 3/2/2026 Put $340.00","BTO","4","$0.53","($212.16)"
"2/23/2026","2/23/2026","2/24/2026","QQQ","QQQ 2/25/2026 Put $581.00","STO","2","$0.55","$109.91"
"2/23/2026","2/23/2026","2/24/2026","QQQ","QQQ 2/25/2026 Put $590.00","BTO","2","$1.60","($320.08)"
"2/23/2026","2/23/2026","2/24/2026","WM","WM 3/20/2026 Call $250.00","BTC","2","$0.37","($74.08)"
"2/23/2026","2/23/2026","2/24/2026","WM","WM 3/20/2026 Call $240.00","STC","2","$1.62","$323.91"
"2/23/2026","2/23/2026","2/24/2026","FXI","FXI 5/15/2026 Put $37.00","BTO","4","$0.89","($356.16)"
"2/23/2026","2/23/2026","2/24/2026","FXI","FXI 5/15/2026 Put $35.00","STO","4","$0.44","$175.83"
"2/23/2026","2/23/2026","2/24/2026","FXI","FXI 5/15/2026 Put $37.00","BTO","1","$0.89","($89.04)"
"2/23/2026","2/23/2026","2/24/2026","FXI","FXI 5/15/2026 Put $35.00","STO","1","$0.44","$43.95"
"2/23/2026","2/23/2026","2/24/2026","SPB","SPB 7/17/2026 Call $105.00","BTC","1","$2.40","($240.04)"
"2/23/2026","2/23/2026","2/24/2026","SPB","SPB 7/17/2026 Call $95.00","STC","1","$3.00","$299.95"
"2/23/2026","2/23/2026","2/24/2026","IBIT","IBIT 2/27/2026 Put $33.50","STO","1","$0.20","$19.95"
"2/23/2026","2/23/2026","2/24/2026","IBIT","IBIT 2/27/2026 Call $42.00","STO","1","$0.03","$2.95"
"2/23/2026","2/23/2026","2/24/2026","IBIT","IBIT 2/27/2026 Put $36.00","BTO","1","$0.61","($61.04)"
"2/23/2026","2/23/2026","2/24/2026","IBIT","IBIT 2/27/2026 Call $39.00","BTO","1","$0.25","($25.04)"
"2/23/2026","2/23/2026","2/24/2026","SMH","SMH 3/20/2026 Put $370.00","STO","2","$5.02","$1,003.91"
"2/23/2026","2/23/2026","2/24/2026","SMH","SMH 3/20/2026 Put $380.00","BTO","2","$6.67","($1,334.08)"
"2/23/2026","2/23/2026","2/24/2026","XLF","XLF 6/18/2026 Put $43.00","BTO","2","$0.54","($108.08)"
"2/23/2026","2/23/2026","2/24/2026","XLF","XLF 6/18/2026 Put $48.00","STO","5","$0.96","$479.78"
"2/23/2026","2/23/2026","2/24/2026","XLF","XLF 6/18/2026 Put $50.00","BTO","5","$1.42","($710.20)"
"2/23/2026","2/23/2026","2/24/2026","TFC","TFC 3/20/2026 Call $57.50","BTC","2","$0.11","($22.08)"
"2/23/2026","2/23/2026","2/24/2026","TFC","TFC 3/20/2026 Call $55.00","STC","2","$0.49","$97.91"
"2/20/2026","2/20/2026","2/23/2026","","Mark to market","MTM","","","($9.56)"
"2/20/2026","2/20/2026","2/23/2026","PANW","Option Expiration for PANW 2/20/2026 Call $195.00","OEXP","1","",""
"2/20/2026","2/20/2026","2/23/2026","PANW","Option Expiration for PANW 2/20/2026 Call $185.00","OEXP","1S","",""
"2/20/2026","2/20/2026","2/23/2026","TFC","TFC 3/20/2026 Call $57.50","STO","2","$0.14","$27.91"
"2/20/2026","2/20/2026","2/23/2026","TFC","TFC 3/20/2026 Call $55.00","BTO","2","$0.56","($112.08)"
"2/20/2026","2/20/2026","2/23/2026","SPB","SPB 7/17/2026 Call $105.00","STO","1","$1.94","$193.95"
"2/20/2026","2/20/2026","2/23/2026","SPB","SPB 7/17/2026 Call $95.00","BTO","1","$3.49","($349.04)"
"2/20/2026","2/20/2026","2/23/2026","ELV","ELV 3/20/2026 Put $310.00","BTO","2","$2.72","($544.08)"
"2/20/2026","2/20/2026","2/23/2026","ELV","ELV 3/20/2026 Put $290.00","STO","2","$1.07","$213.91"
"2/20/2026","2/20/2026","2/23/2026","WM","WM 3/20/2026 Call $250.00","STO","1","$0.42","$41.95"
"2/20/2026","2/20/2026","2/23/2026","WM","WM 3/20/2026 Call $240.00","BTO","1","$1.52","($152.04)"
"2/20/2026","2/20/2026","2/23/2026","GS","GS 5/15/2026 Put $730.00","STO","2","$9.70","$1,939.91"
"2/20/2026","2/20/2026","2/23/2026","GS","GS 5/15/2026 Put $740.00","BTO","2","$10.85","($2,170.08)"
"2/20/2026","2/20/2026","2/23/2026","IBIT","IBIT 2/27/2026 Call $42.00","STO","1","$0.09","$8.95"
"2/20/2026","2/20/2026","2/23/2026","IBIT","IBIT 2/27/2026 Call $39.00","BTO","1","$0.67","($67.04)"
"2/20/2026","2/20/2026","2/23/2026","IBIT","IBIT 2/27/2026 Put $36.00","BTO","1","$0.46","($46.04)"
"2/20/2026","2/20/2026","2/23/2026","IBIT","IBIT 2/27/2026 Put $33.50","STO","1","$0.17","$16.95"
"2/20/2026","2/20/2026","2/23/2026","","ACH Withdrawal","ACH","","","($350.00)"
"2/20/2026","2/20/2026","2/23/2026","TSLA","TSLA 3/20/2026 Put $380.00","BTO","2","$7.70","($1,540.08)"
"2/20/2026","2/20/2026","2/23/2026","TSLA","TSLA 3/20/2026 Put $370.00","STO","2","$5.65","$1,129.91"
"2/20/2026","2/20/2026","2/23/2026","IBIT","IBIT 2/27/2026 Call $42.00","STO","1","$0.10","$9.95"
"2/20/2026","2/20/2026","2/23/2026","IBIT","IBIT 2/27/2026 Call $39.00","BTO","1","$0.71","($71.04)"
"2/20/2026","2/20/2026","2/23/2026","IBIT","IBIT 2/27/2026 Put $36.00","BTO","1","$0.45","($45.04)"
"2/20/2026","2/20/2026","2/23/2026","IBIT","IBIT 2/27/2026 Put $33.50","STO","1","$0.17","$16.95"
"2/20/2026","2/20/2026","2/23/2026","LUV","LUV 3/20/2026 Put $45.00","BTC","1","$0.57","($57.04)"
"2/20/2026","2/20/2026","2/23/2026","LUV","LUV 3/20/2026 Put $50.00","STC","1","$1.87","$186.95"
"2/20/2026","2/20/2026","2/23/2026","RXT","RXT 3/20/2026 Call $3.00","BTC","1","$0.22","($22.04)"
"2/20/2026","2/20/2026","2/23/2026","RXT","RXT 3/20/2026 Call $1.50","STC","1","$0.54","$53.95"
"2/20/2026","2/20/2026","2/23/2026","PLTR","PLTR 3/20/2026 Put $120.00","STC","2","$3.15","$629.91"
"2/20/2026","2/20/2026","2/23/2026","PLTR","PLTR 3/20/2026 Put $110.00","BTC","2","$1.45","($290.08)"
"2/20/2026","2/20/2026","2/23/2026","TSLA","TSLA 3/13/2026 Put $370.00","BTC","1","$4.21","($421.04)"
"2/20/2026","2/20/2026","2/23/2026","TSLA","TSLA 3/13/2026 Put $385.00","STC","1","$7.11","$710.95"
"2/20/2026","2/20/2026","2/23/2026","PFE","PFE 3/20/2026 Call $31.00","STO","1","$0.04","$3.95"
"2/20/2026","2/20/2026","2/23/2026","PFE","PFE 3/20/2026 Call $29.00","BTO","1","$0.15","($15.04)"
"2/20/2026","2/20/2026","2/23/2026","PFE","PFE 3/20/2026 Call $31.00","STO","2","$0.04","$7.91"
"2/20/2026","2/20/2026","2/23/2026","PFE","PFE 3/20/2026 Call $29.00","BTO","2","$0.15","($30.08)"
"2/20/2026","2/20/2026","2/23/2026","RXT","RXT 3/20/2026 Call $1.50","STC","1","$0.45","$44.95"
"2/20/2026","2/20/2026","2/23/2026","RXT","RXT 3/20/2026 Call $3.00","BTC","1","$0.16","($16.04)"
"2/20/2026","2/20/2026","2/23/2026","RXT","RXT 3/20/2026 Call $1.50","STC","1","$0.45","$44.95"
"2/20/2026","2/20/2026","2/23/2026","RXT","RXT 3/20/2026 Call $3.00","BTC","1","$0.16","($16.04)"
"2/20/2026","2/20/2026","2/23/2026","HAL","HAL 3/20/2026 Call $42.00","STC","1","$0.17","$16.95"
"2/20/2026","2/20/2026","2/23/2026","HAL","HAL 3/20/2026 Call $39.00","BTC","1","$0.42","($42.04)"
"2/20/2026","2/20/2026","2/23/2026","HAL","HAL 3/20/2026 Call $37.00","STC","1","$0.85","$84.95"
"2/20/2026","2/20/2026","2/23/2026","HAL","HAL 3/20/2026 Call $42.00","STC","1","$0.17","$16.95"
"2/20/2026","2/20/2026","2/23/2026","HAL","HAL 3/20/2026 Call $39.00","BTC","1","$0.42","($42.04)"
"2/20/2026","2/20/2026","2/23/2026","HAL","HAL 3/20/2026 Call $37.00","STC","1","$0.85","$84.95"
"2/20/2026","2/20/2026","2/23/2026","LUV","LUV 3/20/2026 Put $45.00","BTC","1","$0.63","($63.04)"
"2/20/2026","2/20/2026","2/23/2026","LUV","LUV 3/20/2026 Put $50.00","STC","1","$2.03","$202.95"
"2/19/2026","2/19/2026","2/20/2026","HAL","HAL 3/20/2026 Call $37.00","BTO","2","$0.91","($182.08)"
"2/19/2026","2/19/2026","2/20/2026","HAL","HAL 3/20/2026 Call $39.00","STO","2","$0.45","$89.91"
"2/19/2026","2/19/2026","2/20/2026","HAL","HAL 3/20/2026 Call $42.00","BTO","2","$0.18","($36.08)"
"2/19/2026","2/19/2026","2/20/2026","XLE","XLE 3/6/2026 Call $60.00","BTC","3","$0.25","($75.12)"
"2/19/2026","2/19/2026","2/20/2026","XLE","XLE 3/6/2026 Call $57.00","STC","3","$0.77","$230.87"
"2/19/2026","2/19/2026","2/20/2026","PLTR","PLTR 3/20/2026 Put $110.00","STO","2","$1.37","$273.91"
"2/19/2026","2/19/2026","2/20/2026","PLTR","PLTR 3/20/2026 Put $120.00","BTO","2","$2.92","($584.08)"
"2/19/2026","2/19/2026","2/20/2026","SLV","SLV 3/6/2026 Put $67.00","STC","2","$2.19","$437.91"
"2/19/2026","2/19/2026","2/20/2026","SLV","SLV 3/6/2026 Put $61.00","BTC","2","$0.84","($168.08)"
"2/19/2026","2/19/2026","2/20/2026","UBER","UBER 3/20/2026 Call $90.00","BTC","2","$0.11","($22.08)"
"2/19/2026","2/19/2026","2/20/2026","UBER","UBER 3/20/2026 Call $80.00","STC","2","$0.80","$159.91"
"2/19/2026","2/19/2026","2/20/2026","TSLA","TSLA 3/13/2026 Put $370.00","STO","1","$4.45","$444.95"
"2/19/2026","2/19/2026","2/20/2026","TSLA","TSLA 3/13/2026 Put $385.00","BTO","1","$7.35","($735.04)"
"2/19/2026","2/19/2026","2/20/2026","IBIT","IBIT 2/25/2026 Put $33.50","BTC","2","$0.19","($38.08)"
"2/19/2026","2/19/2026","2/20/2026","IBIT","IBIT 2/25/2026 Put $36.50","STC","2","$0.62","$123.91"
"2/19/2026","2/19/2026","2/20/2026","TSLA","TSLA 3/4/2026 Put $385.00","BTC","1","$4.67","($467.04)"
"2/19/2026","2/19/2026","2/20/2026","TSLA","TSLA 3/4/2026 Put $395.00","STC","1","$7.07","$706.95"
"2/19/2026","2/19/2026","2/20/2026","WM","WM 3/20/2026 Call $250.00","STO","1","$1.27","$126.95"
"2/19/2026","2/19/2026","2/20/2026","WM","WM 3/20/2026 Call $240.00","BTO","1","$4.17","($417.04)"
"2/19/2026","2/19/2026","2/20/2026","AMZN","AMZN 2/27/2026 Call $217.50","STC","2","$0.45","$89.91"
"2/19/2026","2/19/2026","2/20/2026","AMZN","AMZN 2/27/2026 Call $222.50","BTC","2","$0.21","($42.08)"
"2/19/2026","2/19/2026","2/20/2026","TOST","TOST 6/18/2026 Call $37.00","BTC","3","$0.85","($255.12)"
"2/19/2026","2/19/2026","2/20/2026","TOST","TOST 6/18/2026 Call $32.00","STC","3","$1.71","$512.87"
"2/19/2026","2/19/2026","2/20/2026","CBRE","CBRE 3/20/2026 Call $155.00","STC","1","$4.11","$410.95"
"2/19/2026","2/19/2026","2/20/2026","CBRE","CBRE 3/20/2026 Call $165.00","BTC","1","$1.36","($136.04)"
"2/18/2026","2/18/2026","2/19/2026","NFLX","NFLX 5/15/2026 Call $94.00","BTC","1","$1.60","($160.04)"
"2/18/2026","2/18/2026","2/19/2026","NFLX","NFLX 5/15/2026 Call $82.00","STC","1","$4.80","$479.95"
"2/18/2026","2/18/2026","2/19/2026","XLE","XLE 3/6/2026 Call $60.00","STO","3","$0.11","$32.87"
"2/18/2026","2/18/2026","2/19/2026","XLE","XLE 3/6/2026 Call $57.00","BTO","3","$0.43","($129.12)"
"2/18/2026","2/18/2026","2/19/2026","AMZN","AMZN 2/27/2026 Call $217.50","BTO","2","$0.73","($146.08)"
"2/18/2026","2/18/2026","2/19/2026","AMZN","AMZN 2/27/2026 Call $222.50","STO","2","$0.33","$65.91"
"2/18/2026","2/18/2026","2/19/2026","LUV","LUV 3/20/2026 Put $45.00","STO","2","$0.27","$53.91"
"2/18/2026","2/18/2026","2/19/2026","LUV","LUV 3/20/2026 Put $50.00","BTO","2","$0.95","($190.08)"
"2/18/2026","2/18/2026","2/19/2026","TSLA","TSLA 3/4/2026 Put $385.00","STO","1","$3.62","$361.95"
"2/18/2026","2/18/2026","2/19/2026","TSLA","TSLA 3/4/2026 Put $395.00","BTO","1","$5.52","($552.04)"
"2/18/2026","2/18/2026","2/19/2026","CBRE","CBRE 3/20/2026 Call $155.00","BTO","1","$3.72","($372.04)"
"2/18/2026","2/18/2026","2/19/2026","CBRE","CBRE 3/20/2026 Call $165.00","STO","1","$1.22","$121.95"
"2/18/2026","2/18/2026","2/19/2026","SLV","SLV 3/6/2026 Put $61.00","STO","2","$1.01","$201.91"
"2/18/2026","2/18/2026","2/19/2026","SLV","SLV 3/6/2026 Put $67.00","BTO","2","$2.56","($512.08)"
"2/18/2026","2/18/2026","2/19/2026","WMT","WMT 5/15/2026 Put $105.00","BTC","1","$1.31","($131.04)"
"2/18/2026","2/18/2026","2/19/2026","WMT","WMT 5/15/2026 Put $120.00","STC","1","$4.36","$435.95"
"2/18/2026","2/18/2026","2/19/2026","RXT","RXT 3/20/2026 Call $1.50","BTO","3","$0.30","($90.12)"
"2/18/2026","2/18/2026","2/19/2026","RXT","RXT 3/20/2026 Call $3.00","STO","3","$0.10","$29.87"
"2/18/2026","2/18/2026","2/19/2026","UBER","UBER 3/20/2026 Call $90.00","STO","2","$0.09","$17.91"
"2/18/2026","2/18/2026","2/19/2026","UBER","UBER 3/20/2026 Call $80.00","BTO","2","$0.68","($136.08)"
"2/18/2026","2/18/2026","2/19/2026","CRWD","CRWD 2/20/2026 Call $450.00","BTC","1","$0.31","($31.04)"
"2/18/2026","2/18/2026","2/19/2026","CRWD","CRWD 2/20/2026 Call $440.00","STC","1","$0.69","$68.95"
"2/17/2026","2/17/2026","2/18/2026","CRWD","CRWD 2/20/2026 Call $450.00","STO","1","$0.54","$53.95"
"2/17/2026","2/17/2026","2/18/2026","CRWD","CRWD 2/20/2026 Call $440.00","BTO","1","$1.15","($115.04)"
"2/17/2026","2/17/2026","2/18/2026","PFE","PFE 3/20/2026 Call $29.00","BTO","3","$0.25","($75.12)"
"2/17/2026","2/17/2026","2/18/2026","PFE","PFE 3/20/2026 Call $31.00","STO","3","$0.06","$17.87"
"2/17/2026","2/17/2026","2/18/2026","INTC","INTC 3/20/2026 Put $34.00","STC","2","$0.26","$51.91"
"2/17/2026","2/17/2026","2/18/2026","INTC","INTC 3/20/2026 Put $38.00","BTC","2","$0.66","($132.08)"
"2/17/2026","2/17/2026","2/18/2026","INTC","INTC 3/20/2026 Put $41.00","STC","2","$1.20","$239.91"
"2/17/2026","2/17/2026","2/18/2026","IBIT","IBIT 2/25/2026 Put $33.50","STO","2","$0.14","$27.91"
"2/17/2026","2/17/2026","2/18/2026","IBIT","IBIT 2/25/2026 Put $36.50","BTO","2","$0.52","($104.08)"
"2/17/2026","2/17/2026","2/18/2026","SLV","SLV 3/20/2026 Put $46.00","STC","2","$0.30","$59.91"
"2/17/2026","2/17/2026","2/18/2026","SLV","SLV 3/20/2026 Put $55.00","STC","2","$1.13","$225.91"
"2/17/2026","2/17/2026","2/18/2026","SLV","SLV 3/20/2026 Put $50.00","BTC","2","$0.54","($108.08)"
"2/17/2026","2/17/2026","2/18/2026","IBIT","IBIT 3/20/2026 Put $35.00","STC","2","$1.10","$219.91"
"2/17/2026","2/17/2026","2/18/2026","SLV","SLV 3/20/2026 Put $46.00","STC","2","$0.34","$67.91"
"2/17/2026","2/17/2026","2/18/2026","SLV","SLV 3/20/2026 Put $50.00","BTC","2","$0.62","($124.08)"
"2/17/2026","2/17/2026","2/18/2026","SLV","SLV 3/20/2026 Put $55.00","STC","2","$1.28","$255.91"
"2/17/2026","2/17/2026","2/18/2026","TQQQ","TQQQ 2/27/2026 Put $30.00","STC","3","$0.12","$35.87"
"2/17/2026","2/17/2026","2/18/2026","TQQQ","TQQQ 2/27/2026 Put $40.00","BTC","3","$0.89","($267.12)"
"2/17/2026","2/17/2026","2/18/2026","TQQQ","TQQQ 2/27/2026 Put $44.00","STC","3","$1.79","$536.87"
"2/17/2026","2/17/2026","2/18/2026","TOST","TOST 6/18/2026 Call $37.00","STO","1","$1.10","$109.95"
"2/17/2026","2/17/2026","2/18/2026","TOST","TOST 6/18/2026 Call $32.00","BTO","1","$2.15","($215.04)"
"2/17/2026","2/17/2026","2/18/2026","PLTR","PLTR 5/15/2026 Put $100.00","STC","1","$4.20","$419.95"
"2/17/2026","2/17/2026","2/18/2026","PLTR","PLTR 5/15/2026 Put $65.00","STC","1","$0.68","$67.95"
"2/17/2026","2/17/2026","2/18/2026","PLTR","PLTR 5/15/2026 Put $90.00","BTC","1","$2.58","($258.04)"
"2/17/2026","2/17/2026","2/18/2026","TWLO","TWLO 3/20/2026 Put $90.00","BTC","1","$1.56","($156.04)"
"2/17/2026","2/17/2026","2/18/2026","TWLO","TWLO 3/20/2026 Put $100.00","STC","1","$4.06","$405.95"
"2/17/2026","2/17/2026","2/18/2026","PFE","PFE 6/18/2026 Call $31.00","BTC","2","$0.45","($90.08)"
"2/17/2026","2/17/2026","2/18/2026","PFE","PFE 6/18/2026 Call $40.00","STC","2","$0.04","$7.91"
"2/17/2026","2/17/2026","2/18/2026","PFE","PFE 6/18/2026 Call $28.00","STC","2","$1.32","$263.91"
"2/17/2026","2/17/2026","2/18/2026","TSLA","TSLA 3/20/2026 Put $385.00","STC","1","$13.81","$1,380.95"
"2/17/2026","2/17/2026","2/18/2026","TSLA","TSLA 3/20/2026 Put $365.00","BTC","1","$8.31","($831.04)"
"2/17/2026","2/17/2026","2/18/2026","XLE","XLE 6/18/2026 Call $70.00","STC","2","$0.22","$43.91"
"2/17/2026","2/17/2026","2/18/2026","XLE","XLE 6/18/2026 Call $62.50","BTC","2","$0.62","($124.08)"
"2/17/2026","2/17/2026","2/18/2026","XLE","XLE 6/18/2026 Call $57.50","STC","2","$1.55","$309.91"
"2/17/2026","2/17/2026","2/18/2026","PANW","PANW 2/20/2026 Call $195.00","STO","1","$0.30","$29.95"
"2/17/2026","2/17/2026","2/18/2026","PANW","PANW 2/20/2026 Call $185.00","BTO","1","$1.05","($105.04)"
"2/13/2026","2/13/2026","2/17/2026","NFLX","NFLX 5/15/2026 Call $94.00","STO","1","$1.46","$145.95"
"2/13/2026","2/13/2026","2/17/2026","NFLX","NFLX 5/15/2026 Call $82.00","BTO","1","$4.31","($431.04)"
"2/13/2026","2/13/2026","2/17/2026","TWLO","TWLO 3/20/2026 Put $90.00","STO","1","$1.06","$105.95"
"2/13/2026","2/13/2026","2/17/2026","TWLO","TWLO 3/20/2026 Put $100.00","BTO","1","$2.71","($271.04)"
"2/13/2026","2/13/2026","2/17/2026","TSLA","TSLA 3/20/2026 Put $385.00","BTO","1","$8.22","($822.04)"
"2/13/2026","2/13/2026","2/17/2026","TSLA","TSLA 3/20/2026 Put $365.00","STO","1","$4.72","$471.95"
"2/13/2026","2/13/2026","2/17/2026","INTC","INTC 3/20/2026 Put $34.00","BTO","2","$0.26","($52.08)"
"2/13/2026","2/13/2026","2/17/2026","INTC","INTC 3/20/2026 Put $38.00","STO","2","$0.59","$117.91"
"2/13/2026","2/13/2026","2/17/2026","INTC","INTC 3/20/2026 Put $41.00","BTO","2","$1.08","($216.08)"
"2/13/2026","2/13/2026","2/17/2026","IBIT","IBIT 2/27/2026 Call $42.00","BTC","2","$0.55","($110.08)"
"2/13/2026","2/13/2026","2/17/2026","IBIT","IBIT 2/27/2026 Call $39.00","STC","2","$1.72","$343.91"
"2/13/2026","2/13/2026","2/17/2026","IBIT","IBIT 2/27/2026 Put $36.00","STC","2","$0.60","$119.91"
"2/13/2026","2/13/2026","2/17/2026","IBIT","IBIT 2/27/2026 Put $33.50","BTC","2","$0.29","($58.08)"
"2/13/2026","2/13/2026","2/17/2026","XLE","XLE 6/18/2026 Call $70.00","BTO","2","$0.28","($56.08)"
"2/13/2026","2/13/2026","2/17/2026","XLE","XLE 6/18/2026 Call $62.50","STO","2","$0.81","$161.91"
"2/13/2026","2/13/2026","2/17/2026","XLE","XLE 6/18/2026 Call $57.50","BTO","2","$1.93","($386.08)"
"2/13/2026","2/13/2026","2/17/2026","TQQQ","TQQQ 2/27/2026 Put $30.00","BTO","1","$0.08","($8.04)"
"2/13/2026","2/13/2026","2/17/2026","TQQQ","TQQQ 2/27/2026 Put $40.00","STO","1","$0.57","$56.95"
"2/13/2026","2/13/2026","2/17/2026","TQQQ","TQQQ 2/27/2026 Put $44.00","BTO","1","$1.18","($118.04)"
"2/13/2026","2/13/2026","2/17/2026","IBIT","IBIT 3/20/2026 Put $35.00","BTO","2","$1.04","($208.08)"
"2/13/2026","2/13/2026","2/17/2026","SLV","SLV 3/20/2026 Put $46.00","BTO","1","$0.24","($24.04)"
"2/13/2026","2/13/2026","2/17/2026","SLV","SLV 3/20/2026 Put $50.00","STO","1","$0.40","$39.95"
"2/13/2026","2/13/2026","2/17/2026","SLV","SLV 3/20/2026 Put $55.00","BTO","1","$0.81","($81.04)"
"2/13/2026","2/13/2026","2/17/2026","TOST","TOST 6/18/2026 Call $37.00","STO","2","$1.15","$229.91"
"2/13/2026","2/13/2026","2/17/2026","TOST","TOST 6/18/2026 Call $32.00","BTO","2","$2.20","($440.08)"
"2/13/2026","2/13/2026","2/17/2026","TSLA","TSLA 2/27/2026 Put $335.00","BTC","4","$0.62","($248.16)"
"2/13/2026","2/13/2026","2/17/2026","TSLA","TSLA 2/27/2026 Put $355.00","STC","4","$1.19","$475.83"
"2/13/2026","2/13/2026","2/17/2026","TSLA","TSLA 2/27/2026 Put $250.00","STC","4","$0.08","$31.83"
"2/13/2026","2/13/2026","2/17/2026","TQQQ","TQQQ 2/27/2026 Put $30.00","BTO","2","$0.11","($22.08)"
"2/13/2026","2/13/2026","2/17/2026","TQQQ","TQQQ 2/27/2026 Put $40.00","STO","2","$0.70","$139.91"
"2/13/2026","2/13/2026","2/17/2026","TQQQ","TQQQ 2/27/2026 Put $44.00","BTO","2","$1.34","($268.08)"
"2/13/2026","2/13/2026","2/17/2026","PLTR","PLTR 5/15/2026 Put $100.00","BTO","1","$4.10","($410.04)"
"2/13/2026","2/13/2026","2/17/2026","PLTR","PLTR 5/15/2026 Put $90.00","STO","1","$2.54","$253.95"
"2/13/2026","2/13/2026","2/17/2026","PLTR","PLTR 5/15/2026 Put $65.00","BTO","1","$0.69","($69.04)"
"2/13/2026","2/13/2026","2/17/2026","IREN","IREN 2/27/2026 Put $33.00","BTC","2","$1.11","($222.08)"
"2/13/2026","2/13/2026","2/17/2026","IREN","IREN 2/27/2026 Put $25.00","STC","2","$0.41","$81.91"
"2/13/2026","2/13/2026","2/17/2026","IREN","IREN 2/27/2026 Put $35.00","STC","2","$1.35","$269.91"
"2/13/2026","2/13/2026","2/17/2026","SLV","SLV 3/20/2026 Put $46.00","BTO","3","$0.30","($90.12)"
"2/13/2026","2/13/2026","2/17/2026","SLV","SLV 3/20/2026 Put $50.00","STO","3","$0.48","$143.87"
"2/13/2026","2/13/2026","2/17/2026","SLV","SLV 3/20/2026 Put $55.00","BTO","3","$0.98","($294.12)"
"2/13/2026","2/13/2026","2/17/2026","IBIT","IBIT 2/27/2026 Call $42.00","STO","3","$0.39","$116.87"
"2/13/2026","2/13/2026","2/17/2026","IBIT","IBIT 2/27/2026 Call $39.00","BTO","3","$1.35","($405.12)"
"2/13/2026","2/13/2026","2/17/2026","IBIT","IBIT 2/27/2026 Put $36.00","BTO","3","$0.81","($243.12)"
"2/13/2026","2/13/2026","2/17/2026","IBIT","IBIT 2/27/2026 Put $33.50","STO","3","$0.37","$110.87"
"2/13/2026","2/13/2026","2/17/2026","NVDA","NVDA 2/27/2026 Put $180.00","STC","1","$5.79","$578.95"
"2/13/2026","2/13/2026","2/17/2026","NVDA","NVDA 2/27/2026 Put $170.00","BTC","1","$2.99","($299.04)"
"2/13/2026","2/13/2026","2/17/2026","EXC","EXC 2/20/2026 Call $47.00","STC","2","$1.25","$249.91"
"2/12/2026","2/12/2026","2/13/2026","NVDA","NVDA 2/27/2026 Put $180.00","STC","1","$5.25","$524.95"
"2/12/2026","2/12/2026","2/13/2026","NVDA","NVDA 2/27/2026 Put $170.00","BTC","1","$2.74","($274.04)"
"2/12/2026","2/12/2026","2/13/2026","TQQQ","TQQQ 3/20/2026 Put $45.00","STC","2","$2.79","$557.91"
"2/12/2026","2/12/2026","2/13/2026","TQQQ","TQQQ 3/20/2026 Put $40.00","BTC","2","$1.61","($322.08)"
"2/12/2026","2/12/2026","2/13/2026","TQQQ","TQQQ 3/20/2026 Put $30.00","STC","2","$0.43","$85.91"
"2/12/2026","2/12/2026","2/13/2026","AMZN","AMZN 3/20/2026 Put $170.00","BTC","1","$1.29","($129.04)"
"2/12/2026","2/12/2026","2/13/2026","AMZN","AMZN 3/20/2026 Put $190.00","STC","1","$4.67","$466.95"
"2/12/2026","2/12/2026","2/13/2026","AMZN","AMZN 3/20/2026 Put $140.00","STC","1","$0.22","$21.95"
"2/12/2026","2/12/2026","2/13/2026","WMT","WMT 5/15/2026 Put $105.00","STO","1","$1.15","$114.95"
"2/12/2026","2/12/2026","2/13/2026","WMT","WMT 5/15/2026 Put $120.00","BTO","1","$3.40","($340.04)"
"2/12/2026","2/12/2026","2/13/2026","DUK","DUK 3/20/2026 Call $135.00","BTC","1","$0.43","($43.04)"
"2/12/2026","2/12/2026","2/13/2026","DUK","DUK 3/20/2026 Call $130.00","STC","1","$1.30","$129.95"
"2/12/2026","2/12/2026","2/13/2026","SIL","SIL 3/20/2026 Put $70.00","STC","1","$0.39","$38.95"
"2/12/2026","2/12/2026","2/13/2026","SIL","SIL 3/20/2026 Put $80.00","BTC","1","$1.17","($117.04)"
"2/12/2026","2/12/2026","2/13/2026","SIL","SIL 3/20/2026 Put $90.00","STC","1","$3.33","$332.95"
"2/12/2026","2/12/2026","2/13/2026","EXC","EXC 2/20/2026 Call $47.00","STC","2","$1.43","$285.91"
"2/12/2026","2/12/2026","2/13/2026","EXC","EXC 2/20/2026 Call $47.00","STC","2","$1.43","$285.91"
"2/12/2026","2/12/2026","2/13/2026","IREN","IREN 2/27/2026 Put $25.00","BTO","1","$0.43","($43.04)"
"2/12/2026","2/12/2026","2/13/2026","IREN","IREN 2/27/2026 Put $33.00","STO","1","$1.20","$119.95"
"2/12/2026","2/12/2026","2/13/2026","IREN","IREN 2/27/2026 Put $35.00","BTO","1","$1.62","($162.04)"
"2/12/2026","2/12/2026","2/13/2026","","ACH Withdrawal","ACH","","","($500.00)"
"2/12/2026","2/12/2026","2/13/2026","TSLA","TSLA 2/27/2026 Put $335.00","STO","1","$0.47","$46.95"
"2/12/2026","2/12/2026","2/13/2026","TSLA","TSLA 2/27/2026 Put $355.00","BTO","1","$0.93","($93.04)"
"2/12/2026","2/12/2026","2/13/2026","TSLA","TSLA 2/27/2026 Put $250.00","BTO","1","$0.04","($4.04)"
"2/12/2026","2/12/2026","2/13/2026","EOG","EOG 3/20/2026 Call $130.00","BTC","1","$1.22","($122.04)"
"2/12/2026","2/12/2026","2/13/2026","EOG","EOG 3/20/2026 Call $120.00","STC","1","$3.97","$396.95"
"2/12/2026","2/12/2026","2/13/2026","EXC","EXC 2/20/2026 Call $47.00","STC","4","$0.30","$119.83"
"2/12/2026","2/12/2026","2/13/2026","PFE","PFE 6/18/2026 Call $28.00","BTO","2","$1.41","($282.08)"
"2/12/2026","2/12/2026","2/13/2026","PFE","PFE 6/18/2026 Call $31.00","STO","2","$0.47","$93.91"
"2/12/2026","2/12/2026","2/13/2026","PFE","PFE 6/18/2026 Call $40.00","BTO","2","$0.06","($12.08)"
"2/12/2026","2/12/2026","2/13/2026","EXC","EXC 2/20/2026 Call $47.00","BTO","10","$0.10","($100.40)"
"2/12/2026","2/12/2026","2/13/2026","SOXS","\nCUSIP: 25460G112","Sell","350","$1.63","$570.54"
"2/11/2026","2/11/2026","2/12/2026","","Mark to market","MTM","","","($59.51)"
"2/11/2026","2/11/2026","2/12/2026","SIL","SIL 3/20/2026 Put $90.00","BTO","1","$2.55","($255.04)"
"2/11/2026","2/11/2026","2/12/2026","SIL","SIL 3/20/2026 Put $80.00","STO","1","$0.90","$89.95"
"2/11/2026","2/11/2026","2/12/2026","SIL","SIL 3/20/2026 Put $70.00","BTO","1","$0.30","($30.04)"
"2/11/2026","2/11/2026","2/12/2026","IBIT","IBIT 3/20/2026 Put $35.00","STC","1","$1.42","$141.95"
"2/11/2026","2/11/2026","2/12/2026","IBIT","IBIT 3/20/2026 Put $30.00","BTC","1","$0.58","($58.04)"
"2/11/2026","2/11/2026","2/12/2026","PLTR","PLTR 3/20/2026 Put $90.00","STC","1","$0.51","$50.95"
"2/11/2026","2/11/2026","2/12/2026","PLTR","PLTR 3/20/2026 Put $110.00","BTC","1","$1.83","($183.04)"
"2/11/2026","2/11/2026","2/12/2026","PLTR","PLTR 3/20/2026 Put $125.00","STC","1","$4.82","$481.95"
"2/11/2026","2/11/2026","2/12/2026","IBIT","IBIT 2/20/2026 Put $35.50","STC","2","$0.69","$137.91"
"2/11/2026","2/11/2026","2/12/2026","NVDA","NVDA 2/27/2026 Put $170.00","STO","2","$1.64","$327.91"
"2/11/2026","2/11/2026","2/12/2026","NVDA","NVDA 2/27/2026 Put $180.00","BTO","2","$3.49","($698.08)"
"2/11/2026","2/11/2026","2/12/2026","TQQQ","TQQQ 3/20/2026 Put $30.00","BTO","2","$0.30","($60.08)"
"2/11/2026","2/11/2026","2/12/2026","TQQQ","TQQQ 3/20/2026 Put $40.00","STO","2","$1.08","$215.91"
"2/11/2026","2/11/2026","2/12/2026","TQQQ","TQQQ 3/20/2026 Put $45.00","BTO","2","$1.98","($396.08)"
"2/11/2026","2/11/2026","2/12/2026","SOXS","\nCUSIP: 25460G112","Buy","100","$1.74","($173.50)"
"2/11/2026","2/11/2026","2/12/2026","TSLA","TSLA 2/27/2026 Put $335.00","STO","1","$0.53","$52.95"
"2/11/2026","2/11/2026","2/12/2026","TSLA","TSLA 2/27/2026 Put $355.00","BTO","1","$0.99","($99.04)"
"2/11/2026","2/11/2026","2/12/2026","TSLA","TSLA 2/27/2026 Put $250.00","BTO","1","$0.05","($5.04)"
"2/10/2026","2/10/2026","2/11/2026","","Mark to market","MTM","","","$24.95"
"2/10/2026","2/10/2026","2/11/2026","GDX","GDX 3/20/2026 Put $75.00","STC","1","$0.32","$31.95"
"2/10/2026","2/10/2026","2/11/2026","GDX","GDX 3/20/2026 Put $90.00","BTC","1","$1.83","($183.04)"
"2/10/2026","2/10/2026","2/11/2026","GDX","GDX 3/20/2026 Put $95.00","STC","1","$3.11","$310.95"
"2/10/2026","2/10/2026","2/11/2026","PLTR","PLTR 3/20/2026 Put $90.00","BTO","1","$0.41","($41.04)"
"2/10/2026","2/10/2026","2/11/2026","PLTR","PLTR 3/20/2026 Put $110.00","STO","1","$1.35","$134.95"
"2/10/2026","2/10/2026","2/11/2026","PLTR","PLTR 3/20/2026 Put $125.00","BTO","1","$3.63","($363.04)"
"2/10/2026","2/10/2026","2/11/2026","SOXS","\nCUSIP: 25460G112","Buy","250","$1.82","($453.75)"
"2/10/2026","2/10/2026","2/11/2026","VRTX","Vertex Pharmaceuticals\nCUSIP: 92532F100","Sell","1","$470.12","$470.12"
"2/9/2026","2/9/2026","2/10/2026","EOG","EOG 3/20/2026 Call $120.00","BTO","1","$2.79","($279.04)"
"2/9/2026","2/9/2026","2/10/2026","EOG","EOG 3/20/2026 Call $130.00","STO","1","$0.87","$86.95"
"2/9/2026","2/9/2026","2/10/2026","IBIT","IBIT 3/20/2026 Put $30.00","STO","1","$0.46","$45.95"
"2/9/2026","2/9/2026","2/10/2026","IBIT","IBIT 3/20/2026 Put $35.00","BTO","1","$1.08","($108.04)"
"2/9/2026","2/9/2026","2/10/2026","GDX","GDX 3/20/2026 Put $75.00","BTO","1","$0.35","($35.04)"
"2/9/2026","2/9/2026","2/10/2026","GDX","GDX 3/20/2026 Put $90.00","STO","1","$2.09","$208.95"
"2/9/2026","2/9/2026","2/10/2026","GDX","GDX 3/20/2026 Put $95.00","BTO","1","$3.60","($360.04)"
"2/6/2026","2/6/2026","2/9/2026","","Mark to market","MTM","","","($15.51)"
"2/6/2026","2/6/2026","2/9/2026","WMT","WMT 3/20/2026 Put $90.00","STC","1","$0.09","$8.95"
"2/6/2026","2/6/2026","2/9/2026","WMT","WMT 3/20/2026 Put $105.00","BTC","1","$0.39","($39.04)"
"2/6/2026","2/6/2026","2/9/2026","WMT","WMT 3/20/2026 Put $120.00","STC","1","$1.97","$196.95"
"2/6/2026","2/6/2026","2/9/2026","IBIT","IBIT 2/20/2026 Put $35.50","BTO","1","$0.60","($60.04)"
"2/6/2026","2/6/2026","2/6/2026","PLTZ","Stock Lending","SLIP","","","$0.01"
"2/6/2026","2/6/2026","2/6/2026","TSLQ","Stock Lending","SLIP","","","$0.01"
"2/6/2026","2/6/2026","2/6/2026","SQQQ","Stock Lending","SLIP","","","$0.01"
"2/6/2026","2/6/2026","2/9/2026","VRTX","Vertex Pharmaceuticals\nCUSIP: 92532F100","Buy","1","$472.71","($472.71)"
"2/6/2026","2/6/2026","2/9/2026","MO","MO 3/6/2026 Call $68.00","STC","2","$0.47","$93.91"
"2/6/2026","2/6/2026","2/9/2026","IREN","IREN 2/27/2026 Put $25.00","BTO","1","$0.68","($68.04)"
"2/6/2026","2/6/2026","2/9/2026","IREN","IREN 2/27/2026 Put $33.00","STO","1","$2.21","$220.95"
"2/6/2026","2/6/2026","2/9/2026","IREN","IREN 2/27/2026 Put $35.00","BTO","1","$2.78","($278.04)"
"2/6/2026","2/6/2026","2/9/2026","AMZN","AMZN 3/20/2026 Put $140.00","BTO","1","$0.22","($22.04)"
"2/6/2026","2/6/2026","2/9/2026","AMZN","AMZN 3/20/2026 Put $170.00","STO","1","$1.17","$116.95"
"2/6/2026","2/6/2026","2/9/2026","AMZN","AMZN 3/20/2026 Put $190.00","BTO","1","$3.98","($398.04)"
"2/6/2026","2/6/2026","2/9/2026","BRKU","Direxion Daily BRKB Bull 2X ETF\nCUSIP: 25461A452","Sell","20","$25.14","$502.90"
"2/6/2026","2/6/2026","2/9/2026","IMAX","IMAX\nCUSIP: 45245E109","Sell","7","$37.12","$259.84"
"2/6/2026","2/6/2026","2/9/2026","TTAN","ServiceTitan\nCUSIP: 81764X103","Sell","4","$61.81","$247.24"
"2/6/2026","2/6/2026","2/9/2026","IBIT","IBIT 2/20/2026 Put $35.50","BTO","1","$0.99","($99.04)"
"2/6/2026","2/6/2026","2/9/2026","TSLA","TSLA 2/27/2026 Put $335.00","STO","1","$1.44","$143.95"
"2/6/2026","2/6/2026","2/9/2026","TSLA","TSLA 2/27/2026 Put $355.00","BTO","1","$2.95","($295.04)"
"2/6/2026","2/6/2026","2/9/2026","TSLA","TSLA 2/27/2026 Put $250.00","BTO","1","$0.15","($15.04)"
"2/6/2026","2/6/2026","2/9/2026","DUK","DUK 3/20/2026 Call $135.00","STO","1","$0.28","$27.95"
"2/6/2026","2/6/2026","2/9/2026","DUK","DUK 3/20/2026 Call $130.00","BTO","1","$0.78","($78.04)"
"2/6/2026","2/6/2026","2/9/2026","SLV","SLV 3/31/2026 Put $50.00","STC","2","$1.50","$299.91"
"2/6/2026","2/6/2026","2/9/2026","SOXS","\nCUSIP: 25460G112","Sell","250","$2.08","$519.95"
"2/6/2026","2/6/2026","2/9/2026","BTCZ","T-Rex 2X Inverse Bitcoin Daily Target ETF\nCUSIP: 98148L746","Sell","100","$6.36","$636.34"
"2/5/2026","2/5/2026","2/6/2026","","Mark to market","MTM","","","($32.05)"
"2/5/2026","2/5/2026","2/6/2026","BTCZ","T-Rex 2X Inverse Bitcoin Daily Target ETF\nCUSIP: 98148L746","Buy","100","$7.75","($774.79)"
"2/5/2026","2/5/2026","2/6/2026","TSLA","TSLA 2/27/2026 Put $250.00","BTO","1","$0.22","($22.04)"
"2/5/2026","2/5/2026","2/6/2026","TSLA","TSLA 2/27/2026 Put $335.00","STO","1","$2.45","$244.95"
"2/5/2026","2/5/2026","2/6/2026","TSLA","TSLA 2/27/2026 Put $355.00","BTO","1","$4.86","($486.04)"
"2/5/2026","2/5/2026","2/6/2026","SOXS","\nCUSIP: 25460G112","Buy","50","$2.20","($110.25)"
"2/5/2026","2/5/2026","2/6/2026","TTAN","ServiceTitan\nCUSIP: 81764X103","Buy","4","$64.88","($259.50)"
"2/5/2026","2/5/2026","2/6/2026","IMAX","IMAX\nCUSIP: 45245E109","Buy","7","$36.05","($252.32)"
"2/5/2026","2/5/2026","2/6/2026","MO","MO 3/6/2026 Call $68.00","BTO","1","$0.55","($55.04)"
"2/5/2026","2/5/2026","2/6/2026","SOXS","\nCUSIP: 25460G112","Buy","200","$2.30","($461.00)"
"2/5/2026","2/5/2026","2/6/2026","SLV","SLV 3/31/2026 Put $50.00","STC","1","$1.50","$149.95"
"2/5/2026","2/5/2026","2/6/2026","XLE","XLE 3/20/2026 Call $60.00","BTC","1","$0.18","($18.04)"
"2/5/2026","2/5/2026","2/6/2026","XLE","XLE 3/20/2026 Call $57.50","STC","1","$0.36","$35.95"
"2/5/2026","2/5/2026","2/6/2026","XLE","XLE 3/20/2026 Call $52.50","STC","1","$1.53","$152.95"
"2/5/2026","2/5/2026","2/6/2026","WMT","WMT 3/20/2026 Put $90.00","BTO","1","$0.15","($15.04)"
"2/5/2026","2/5/2026","2/6/2026","WMT","WMT 3/20/2026 Put $105.00","STO","1","$0.44","$43.95"
"2/5/2026","2/5/2026","2/6/2026","WMT","WMT 3/20/2026 Put $120.00","BTO","1","$2.24","($224.04)"
"2/5/2026","2/5/2026","2/6/2026","BRKU","Direxion Daily BRKB Bull 2X ETF\nCUSIP: 25461A452","Buy","20","$24.89","($497.80)"
"2/5/2026","2/5/2026","2/6/2026","","ACH Withdrawal","ACH","","","($250.00)"
"2/4/2026","2/4/2026","2/5/2026","","Mark to market","MTM","","","$25.94"
"2/4/2026","2/4/2026","2/5/2026","IBIT","Option Expiration for IBIT 2/4/2026 Call $50.00","OEXP","2S","",""
"2/4/2026","2/4/2026","2/5/2026","MO","MO 3/6/2026 Call $68.00","BTO","1","$0.48","($48.04)"
"2/4/2026","2/4/2026","2/5/2026","TSLQ","Tradr 2X Short TSLA Daily ETF\nCUSIP: 46092D384","Sell","50","$21.93","$1,096.69"
"2/4/2026","2/4/2026","2/5/2026","SQQQ","\nCUSIP: 74350P675","Sell","20","$72.82","$1,456.30"
"2/4/2026","2/4/2026","2/5/2026","SOXS","\nCUSIP: 25460G112","Sell","300","$2.32","$697.08"
"2/4/2026","2/4/2026","2/5/2026","SOXS","\nCUSIP: 25460G112","Buy","25","$2.11","($52.75)"
"2/4/2026","2/4/2026","2/5/2026","SOXS","\nCUSIP: 25460G112","Buy","75","$2.11","($158.25)"
"2/4/2026","2/4/2026","2/5/2026","SLV","SLV 3/31/2026 Put $50.00","BTO","1","$0.70","($70.04)"
"2/4/2026","2/4/2026","2/5/2026","SBIT","ProShares UltraShort Bitcoin ETF\nCUSIP: 74349Y563","Sell","15","$56.65","$849.75"
"2/4/2026","2/4/2026","2/5/2026","SBIT","ProShares UltraShort Bitcoin ETF\nCUSIP: 74349Y563","Sell","5","$56.65","$283.25"
"2/4/2026","2/4/2026","2/5/2026","XLE","XLE 3/20/2026 Call $60.00","BTC","1","$0.25","($25.04)"
"2/4/2026","2/4/2026","2/5/2026","XLE","XLE 3/20/2026 Call $57.50","STC","1","$0.45","$44.95"
"2/4/2026","2/4/2026","2/5/2026","XLE","XLE 3/20/2026 Call $52.50","STC","1","$1.88","$187.95"
"2/3/2026","2/3/2026","2/3/2026","","Interest Payment","INT","","","$0.23"
"2/3/2026","2/3/2026","2/4/2026","SOXS","\nCUSIP: 25460G112","Buy","200","$2.01","($402.00)"
"2/3/2026","2/3/2026","2/4/2026","SBIT","ProShares UltraShort Bitcoin ETF\nCUSIP: 74349Y563","Buy","10","$54.65","($546.50)"
"2/3/2026","2/3/2026","2/4/2026","SLV","SLV 3/31/2026 Put $50.00","BTO","2","$0.70","($140.08)"
"2/3/2026","2/3/2026","2/4/2026","PBR","PBR 2/20/2026 Put $12.00","STC","2","$0.03","$5.91"
"2/3/2026","2/3/2026","2/4/2026","PBR","PBR 2/20/2026 Put $13.50","BTC","2","$0.05","($10.08)"
"2/3/2026","2/3/2026","2/4/2026","PBR","PBR 2/20/2026 Put $14.50","STC","2","$0.14","$27.91"
"2/3/2026","2/3/2026","2/4/2026","SBIT","ProShares UltraShort Bitcoin ETF\nCUSIP: 74349Y563","Buy","10","$56.88","($568.77)"
"2/3/2026","2/3/2026","2/4/2026","SQQQ","\nCUSIP: 74350P675","Buy","20","$69.24","($1,384.80)"
"2/3/2026","2/3/2026","2/4/2026","TSLQ","Tradr 2X Short TSLA Daily ETF\nCUSIP: 46092D384","Buy","20","$20.46","($409.30)"
"2/3/2026","2/3/2026","2/4/2026","TSLQ","Tradr 2X Short TSLA Daily ETF\nCUSIP: 46092D384","Buy","30","$20.77","($623.10)"
"1/30/2026","1/30/2026","1/30/2026","","Interest Payment","INT","","","$6.26"
"1/30/2026","1/30/2026","2/2/2026","","ACH Withdrawal","ACH","","","($100.00)"
"1/30/2026","1/30/2026","2/2/2026","BITX","2x Bitcoin Strategy ETF\nCUSIP: 92864M301","Sell","50","$24.54","$1,227.17"
"1/30/2026","1/30/2026","2/2/2026","ETHU","2x Ether ETF\nCUSIP: 92864M798","Sell","10","$43.52","$435.20"
"1/30/2026","1/30/2026","2/2/2026","IBIT","IBIT 2/4/2026 Call $50.00","BTO","2","$0.24","($48.08)"
"1/30/2026","1/30/2026","2/2/2026","ETHU","2x Ether ETF\nCUSIP: 92864M798","Buy","10","$44.88","($448.75)"
"1/30/2026","1/30/2026","2/2/2026","BITX","2x Bitcoin Strategy ETF\nCUSIP: 92864M301","Buy","50","$25.14","($1,256.76)"
"1/30/2026","1/30/2026","2/2/2026","IBIT","IBIT 2/27/2026 Put $35.00","STC","2","$0.12","$23.91"
"1/30/2026","1/30/2026","2/2/2026","IBIT","IBIT 2/27/2026 Put $40.00","BTC","2","$0.37","($74.08)"
"1/30/2026","1/30/2026","2/2/2026","IBIT","IBIT 2/27/2026 Put $46.50","STC","2","$1.65","$329.91"
"1/30/2026","1/30/2026","2/2/2026","PBR","PBR 2/20/2026 Put $12.00","BTO","1","$0.03","($3.04)"
"1/30/2026","1/30/2026","2/2/2026","PBR","PBR 2/20/2026 Put $13.50","STO","1","$0.05","$4.95"
"1/30/2026","1/30/2026","2/2/2026","PBR","PBR 2/20/2026 Put $14.50","BTO","1","$0.23","($23.04)"
"1/30/2026","1/30/2026","2/2/2026","XLE","XLE 3/20/2026 Call $60.00","STO","1","$0.11","$10.95"
"1/30/2026","1/30/2026","2/2/2026","XLE","XLE 3/20/2026 Call $57.50","BTO","1","$0.20","($20.04)"
"1/30/2026","1/30/2026","2/2/2026","XLE","XLE 3/20/2026 Call $52.50","BTO","1","$0.88","($88.04)"
"1/30/2026","1/30/2026","2/2/2026","PBR","PBR 2/20/2026 Put $12.00","BTO","1","$0.03","($3.04)"
"1/30/2026","1/30/2026","2/2/2026","PBR","PBR 2/20/2026 Put $13.50","STO","1","$0.06","$5.95"
"1/30/2026","1/30/2026","2/2/2026","PBR","PBR 2/20/2026 Put $14.50","BTO","1","$0.23","($23.04)"
"1/30/2026","1/30/2026","2/2/2026","IBIT","IBIT 2/27/2026 Put $35.00","BTO","1","$0.15","($15.04)"
"1/30/2026","1/30/2026","2/2/2026","IBIT","IBIT 2/27/2026 Put $40.00","STO","1","$0.39","$38.95"
"1/30/2026","1/30/2026","2/2/2026","IBIT","IBIT 2/27/2026 Put $46.50","BTO","1","$1.83","($183.04)"
"1/30/2026","1/30/2026","2/2/2026","XLE","XLE 3/20/2026 Call $60.00","STO","1","$0.13","$12.95"
"1/30/2026","1/30/2026","2/2/2026","XLE","XLE 3/20/2026 Call $57.50","BTO","1","$0.27","($27.04)"
"1/30/2026","1/30/2026","2/2/2026","XLE","XLE 3/20/2026 Call $52.50","BTO","1","$1.10","($110.04)"
"1/30/2026","1/30/2026","2/2/2026","FCX","FCX 4/17/2026 Put $50.00","STC","1","$1.10","$109.95"
"1/30/2026","1/30/2026","2/2/2026","IBIT","IBIT 2/27/2026 Put $40.00","STO","1","$0.41","$40.95"
"1/30/2026","1/30/2026","2/2/2026","IBIT","IBIT 2/27/2026 Put $35.00","BTO","1","$0.15","($15.04)"
"1/30/2026","1/30/2026","2/2/2026","IBIT","IBIT 2/27/2026 Put $46.50","BTO","1","$1.88","($188.04)"
"1/30/2026","1/30/2026","2/2/2026","GDX","GDX 4/17/2026 Put $80.00","BTC","1","$2.24","($224.04)"
"1/30/2026","1/30/2026","2/2/2026","GDX","GDX 4/17/2026 Put $100.00","STC","1","$9.44","$943.95"
"1/30/2026","1/30/2026","2/2/2026","SOUN","SOUN 3/20/2026 Put $9.00","STC","1","$1.29","$128.95"
"1/30/2026","1/30/2026","2/2/2026","SOUN","SOUN 1/15/2027 Put $2.50","STC","1","$0.09","$8.95"
"1/30/2026","1/30/2026","2/2/2026","SOUN","SOUN 1/15/2027 Put $5.00","BTC","1","$0.76","($76.04)"
"1/30/2026","1/30/2026","2/2/2026","SOUN","SOUN 1/15/2027 Put $2.50","STC","1","$0.13","$12.95"
"1/30/2026","1/30/2026","2/2/2026","SOUN","SOUN 1/15/2027 Put $5.00","BTC","1","$0.75","($75.04)"
"1/30/2026","1/30/2026","2/2/2026","SOUN","SOUN 3/20/2026 Put $9.00","STC","1","$1.27","$126.95"
"1/30/2026","1/30/2026","2/2/2026","FCX","FCX 4/17/2026 Put $50.00","STC","1","$1.15","$114.95"
"1/29/2026","1/29/2026","1/30/2026","TSLQ","Tradr 2X Short TSLA Daily ETF\nCUSIP: 46092D384","Sell","20","$18.75","$375.02"
"1/29/2026","1/29/2026","1/30/2026","FCX","FCX 4/17/2026 Put $50.00","BTO","2","$0.80","($160.08)"
"1/29/2026","1/29/2026","1/30/2026","TSLQ","Tradr 2X Short TSLA Daily ETF\nCUSIP: 46092D384","Buy","15","$20.33","($304.95)"
"1/29/2026","1/29/2026","1/30/2026","TSLQ","Tradr 2X Short TSLA Daily ETF\nCUSIP: 46092D384","Buy","5","$20.33","($101.65)"
"1/29/2026","1/29/2026","1/30/2026","TJX","TJX\nCUSIP: 872540109","Sell","4","$146.95","$587.79"
"1/29/2026","1/29/2026","1/30/2026","BA","Boeing\nCUSIP: 097023105","Sell","2","$239.82","$479.64"
"1/29/2026","1/29/2026","1/30/2026","SOUN","SOUN 3/20/2026 Put $9.00","BTO","1","$0.86","($86.04)"
"1/29/2026","1/29/2026","1/30/2026","SOUN","SOUN 1/15/2027 Put $2.50","BTO","1","$0.13","($13.04)"
"1/29/2026","1/29/2026","1/30/2026","SOUN","SOUN 1/15/2027 Put $5.00","STO","1","$0.61","$60.95"
"1/29/2026","1/29/2026","1/30/2026","SOUN","SOUN 3/20/2026 Put $9.00","BTO","1","$0.86","($86.04)"
"1/29/2026","1/29/2026","1/30/2026","SOUN","SOUN 1/15/2027 Put $2.50","BTO","1","$0.13","($13.04)"
"1/29/2026","1/29/2026","1/30/2026","SOUN","SOUN 1/15/2027 Put $5.00","STO","1","$0.61","$60.95"
"1/28/2026","1/28/2026","1/29/2026","","Mark to market","MTM","","","$17.85"
"1/28/2026","1/28/2026","1/29/2026","BA","Boeing\nCUSIP: 097023105","Buy","2","$245.06","($490.11)"
"1/28/2026","1/28/2026","1/29/2026","TJX","TJX\nCUSIP: 872540109","Buy","4","$146.96","($587.82)"
"1/28/2026","1/28/2026","1/29/2026","CORD","T-REX 2X Inverse CRWV Daily Target ETF\nCUSIP: 26923Q465","Sell","20","$15.26","$305.10"
"1/27/2026","1/27/2026","1/28/2026","","Mark to market","MTM","","","$1.50"
"1/27/2026","1/27/2026","1/28/2026","CORD","T-REX 2X Inverse CRWV Daily Target ETF\nCUSIP: 26923Q465","Buy","20","$14.52","($290.39)"
"1/27/2026","1/27/2026","1/28/2026","GDX","GDX 4/17/2026 Put $80.00","STO","1","$1.18","$117.95"
"1/27/2026","1/27/2026","1/28/2026","GDX","GDX 4/17/2026 Put $100.00","BTO","1","$6.23","($623.04)"
"1/27/2026","1/27/2026","1/28/2026","TTAN","ServiceTitan\nCUSIP: 81764X103","Sell","3","$91.69","$275.08"
"1/27/2026","1/27/2026","1/28/2026","GME","GME 2/13/2026 Call $26.00","STC","1","$0.63","$62.95"
"1/27/2026","1/27/2026","1/28/2026","GME","GME 1/30/2026 Call $30.00","STC","1","$0.08","$7.95"
"1/27/2026","1/27/2026","1/28/2026","GME","GameStop\nCUSIP: 36467W109","Sell","10","$23.92","$239.25"
"1/26/2026","1/26/2026","1/27/2026","IAU","iShares Gold Trust\nCUSIP: 464285204","Sell","3","$94.32","$282.96"
"1/26/2026","1/26/2026","1/27/2026","IAU","iShares Gold Trust\nCUSIP: 464285204","Buy","3","$94.92","($284.76)"
"1/26/2026","1/26/2026","1/27/2026","GME","GME 1/30/2026 Call $30.00","BTO","1","$0.30","($30.04)"
"1/26/2026","1/26/2026","1/27/2026","GME","GME 2/13/2026 Call $26.00","BTO","1","$1.15","($115.04)"
"1/26/2026","1/26/2026","1/27/2026","TTAN","ServiceTitan\nCUSIP: 81764X103","Buy","3","$93.18","($279.54)"
"1/26/2026","1/26/2026","1/27/2026","GME","GameStop\nCUSIP: 36467W109","Buy","10","$24.50","($245.05)"
"1/26/2026","1/26/2026","1/26/2026","","Event Contracts Inter-Entity Cash Transfer","FUTSWP","","","$35.52"
"1/23/2026","1/23/2026","1/26/2026","","ACH Withdrawal","ACH","","","($1,201.00)"
"1/23/2026","1/23/2026","1/26/2026","XLE","XLE 3/20/2026 Call $52.50","STC","1","$0.69","$68.95"
"1/23/2026","1/23/2026","1/26/2026","UNH","UnitedHealth\nCUSIP: 91324P102","Sell","1","$356.60","$356.60"
"1/23/2026","1/23/2026","1/26/2026","UNH","UnitedHealth\nCUSIP: 91324P102","Sell","1","$354.50","$354.50"
"1/23/2026","1/23/2026","1/26/2026","TTAN","ServiceTitan\nCUSIP: 81764X103","Sell","3","$92.55","$277.65"
"1/23/2026","1/23/2026","1/26/2026","URA","Global X Uranium ETF\nCUSIP: 37954Y871","Sell","10","$56.69","$566.91"
"1/23/2026","1/23/2026","1/26/2026","JEPQ","J.P. Morgan Exchange-Traded Fund Trust JPMorgan Nasdaq Equity Premium Income ETF\nCUSIP: 46654Q203","Sell","20","$59.12","$1,182.30"
"1/23/2026","1/23/2026","1/26/2026","JEPI","JPMorgan Equity Premium Income\nCUSIP: 46641Q332","Sell","20","$58.22","$1,164.50"
"1/23/2026","1/23/2026","1/26/2026","KO","KO 2/13/2026 Put $69.00","STC","1","$0.32","$31.95"
"1/22/2026","1/22/2026","1/23/2026","DUK","Duke Energy\nCUSIP: 26441C204","Sell","5","$117.81","$589.05"
"1/22/2026","1/22/2026","1/23/2026","KO","KO 2/13/2026 Put $69.00","BTO","1","$0.42","($42.04)"
"1/22/2026","1/22/2026","1/23/2026","SQQQ","\nCUSIP: 74350P675","Sell","10","$67.06","$670.55"
"1/21/2026","1/21/2026","1/22/2026","SQQQ","\nCUSIP: 74350P675","Buy","10","$69.91","($699.09)"
"1/21/2026","1/21/2026","1/22/2026","IBIT","IBIT 6/18/2026 Put $44.00","BTC","1","$2.54","($254.04)"
"1/21/2026","1/21/2026","1/22/2026","IBIT","IBIT 6/18/2026 Put $50.00","STC","1","$4.77","$476.95"
"1/21/2026","1/21/2026","1/22/2026","SQQQ","\nCUSIP: 74350P675","Sell","10","$69.49","$694.90"
"1/21/2026","1/21/2026","1/22/2026","JEPI","JPMorgan Equity Premium Income\nCUSIP: 46641Q332","Buy","3","$57.75","($173.25)"
"1/21/2026","1/21/2026","1/22/2026","JEPI","JPMorgan Equity Premium Income\nCUSIP: 46641Q332","Buy","1","$57.75","($57.75)"
"1/21/2026","1/21/2026","1/22/2026","JEPI","JPMorgan Equity Premium Income\nCUSIP: 46641Q332","Buy","15","$57.75","($866.25)"
"1/21/2026","1/21/2026","1/22/2026","JEPI","JPMorgan Equity Premium Income\nCUSIP: 46641Q332","Buy","1","$57.75","($57.75)"
"1/21/2026","1/21/2026","1/22/2026","JEPQ","J.P. Morgan Exchange-Traded Fund Trust JPMorgan Nasdaq Equity Premium Income ETF\nCUSIP: 46654Q203","Buy","20","$58.10","($1,162.00)"
"1/21/2026","1/21/2026","1/22/2026","TSLQ","Tradr 2X Short TSLA Daily ETF\nCUSIP: 46092D384","Sell","15","$20.34","$305.10"
"1/21/2026","1/21/2026","1/22/2026","URA","Global X Uranium ETF\nCUSIP: 37954Y871","Buy","10","$56.50","($564.98)"
"1/21/2026","1/21/2026","1/22/2026","DUK","Duke Energy\nCUSIP: 26441C204","Buy","5","$119.73","($598.65)"
"1/21/2026","1/21/2026","1/22/2026","TTAN","ServiceTitan\nCUSIP: 81764X103","Buy","3","$91.14","($273.41)"
"1/20/2026","1/20/2026","1/21/2026","","ACH Withdrawal","ACH","","","($250.00)"
"1/20/2026","1/20/2026","1/21/2026","BRKU","Direxion Daily BRKB Bull 2X ETF\nCUSIP: 25461A452","Sell","20","$23.30","$466.00"
"1/20/2026","1/20/2026","1/21/2026","PLTZ","Defiance Daily Target 2x Short PLTR ETF\nCUSIP: 88636W254","Sell","12","$26.98","$323.76"
"1/20/2026","1/20/2026","1/21/2026","PLTZ","Defiance Daily Target 2x Short PLTR ETF\nCUSIP: 88636W254","Sell","12","$27.24","$326.88"
"1/20/2026","1/20/2026","1/21/2026","TSLQ","Tradr 2X Short TSLA Daily ETF\nCUSIP: 46092D384","Sell","15","$20.18","$302.70"
"1/20/2026","1/20/2026","1/21/2026","TQQQ","TQQQ 1/30/2026 Put $50.00","STC","1","$1.69","$168.95"
"1/20/2026","1/20/2026","1/21/2026","SQQQ","\nCUSIP: 74350P675","Sell","10","$69.58","$695.80"
"1/16/2026","1/16/2026","1/20/2026","DAX","Global X Funds Global X DAX Germany ETF\nCUSIP: 37954Y491","Sell","5","$46.54","$232.73"
"1/16/2026","1/16/2026","1/20/2026","KWEB","KraneShares CSI China Internet ETF\nCUSIP: 500767306","Sell","10","$35.61","$356.05"
"1/15/2026","1/15/2026","1/16/2026","KWEB","KraneShares CSI China Internet ETF\nCUSIP: 500767306","Buy","10","$36.52","($365.25)"
"1/15/2026","1/15/2026","1/16/2026","BRKU","Direxion Daily BRKB Bull 2X ETF\nCUSIP: 25461A452","Buy","20","$23.76","($475.20)"
"1/15/2026","1/15/2026","1/16/2026","BRK.B","Berkshire Hathaway Inc. Class B\nCUSIP: 084670702","Sell","1","$492.29","$492.29"
"1/15/2026","1/15/2026","1/16/2026","TCEHY","Tencent\nCUSIP: 88032Q109","Sell","5","$80.24","$401.23"
"1/15/2026","1/15/2026","1/16/2026","TSLQ","Tradr 2X Short TSLA Daily ETF\nCUSIP: 46092D384","Buy","5","$18.64","($93.18)"
"1/15/2026","1/15/2026","1/16/2026","PLTZ","Defiance Daily Target 2x Short PLTR ETF\nCUSIP: 88636W254","Buy","4","$23.94","($95.74)"
"1/15/2026","1/15/2026","1/16/2026","UNH","UnitedHealth\nCUSIP: 91324P102","Buy","1","$337.66","($337.66)"
"1/14/2026","1/14/2026","1/15/2026","XLE","XLE 3/20/2026 Call $52.50","BTO","1","$0.58","($58.04)"
"1/14/2026","1/14/2026","1/15/2026","SQQQ","\nCUSIP: 74350P675","Buy","10","$67.26","($672.60)"
"1/14/2026","1/14/2026","1/15/2026","TCEHY","Tencent\nCUSIP: 88032Q109","Buy","5","$80.68","($403.38)"
"1/14/2026","1/14/2026","1/15/2026","UNH","UnitedHealth\nCUSIP: 91324P102","Buy","1","$339.68","($339.68)"
"1/14/2026","1/14/2026","1/15/2026","BITX","2x Bitcoin Strategy ETF\nCUSIP: 92864M301","Sell","20","$34.25","$685.00"
"1/14/2026","1/14/2026","1/15/2026","DAX","Global X Funds Global X DAX Germany ETF\nCUSIP: 37954Y491","Buy","5","$46.88","($234.38)"
"1/14/2026","1/14/2026","1/15/2026","BRK.B","Berkshire Hathaway Inc. Class B\nCUSIP: 084670702","Buy","1","$496.83","($496.83)"
"1/14/2026","1/14/2026","1/15/2026","SQQQ","\nCUSIP: 74350P675","Buy","10","$66.86","($668.65)"
"1/14/2026","1/14/2026","1/15/2026","BITX","2x Bitcoin Strategy ETF\nCUSIP: 92864M301","Buy","10","$32.98","($329.75)"
"1/14/2026","1/14/2026","1/15/2026","TSLQ","Tradr 2X Short TSLA Daily ETF\nCUSIP: 46092D384","Buy","10","$18.74","($187.45)"
"1/14/2026","1/14/2026","1/15/2026","PLTZ","Defiance Daily Target 2x Short PLTR ETF\nCUSIP: 88636W254","Buy","10","$23.97","($239.67)"
"1/14/2026","1/14/2026","1/15/2026","URA","Global X Uranium ETF\nCUSIP: 37954Y871","Sell","10","$50.58","$505.80"
"1/13/2026","1/13/2026","1/14/2026","PLTZ","Defiance Daily Target 2x Short PLTR ETF\nCUSIP: 88636W254","Buy","10","$24.52","($245.15)"
"1/13/2026","1/13/2026","1/14/2026","TSLQ","Tradr 2X Short TSLA Daily ETF\nCUSIP: 46092D384","Buy","15","$18.26","($273.98)"
"1/13/2026","1/13/2026","1/14/2026","BITX","2x Bitcoin Strategy ETF\nCUSIP: 92864M301","Buy","10","$30.87","($308.66)"
"1/13/2026","1/13/2026","1/14/2026","URA","Global X Uranium ETF\nCUSIP: 37954Y871","Buy","10","$51.82","($518.20)"
"1/12/2026","1/12/2026","1/13/2026","ARBE","Arbe Robotics\nCUSIP: M1R95N100","Sell","9","$1.36","$12.24"
"1/12/2026","1/12/2026","1/13/2026","ARBE","Arbe Robotics\nCUSIP: M1R95N100","Sell","191","$1.36","$259.72"
"1/12/2026","1/12/2026","1/13/2026","NVDA","NVIDIA\nCUSIP: 67066G104","Sell","2","$183.18","$366.36"
"1/9/2026","1/9/2026","1/12/2026","BITX","2x Bitcoin Strategy ETF\nCUSIP: 92864M301","Sell","10","$29.32","$293.15"
"1/9/2026","1/9/2026","1/12/2026","BITX","2x Bitcoin Strategy ETF\nCUSIP: 92864M301","Buy","10","$29.97","($299.74)"
"1/9/2026","1/9/2026","1/12/2026","NVDA","NVIDIA\nCUSIP: 67066G104","Buy","2","$184.96","($369.91)"
"1/9/2026","1/9/2026","1/12/2026","ARBE","Arbe Robotics\nCUSIP: M1R95N100","Buy","200","$1.34","($269.00)"
"1/8/2026","1/8/2026","1/9/2026","IBIT","IBIT 6/18/2026 Put $44.00","STO","1","$2.80","$279.95"
"1/8/2026","1/8/2026","1/9/2026","IBIT","IBIT 6/18/2026 Put $50.00","BTO","1","$5.07","($507.04)"
"1/8/2026","1/8/2026","1/9/2026","TQQQ","TQQQ 1/30/2026 Put $50.00","BTO","1","$1.42","($142.04)"
"1/7/2026","1/7/2026","1/8/2026","UBRL","GraniteShares ETF Trust GraniteShares 2x Long UBER Daily ETF\nCUSIP: 38747R694","Sell","10","$23.79","$237.90"
"1/7/2026","1/7/2026","1/8/2026","AMDL","GraniteShares ETF Trust GraniteShares 2x Long AMD Daily ETF\nCUSIP: 38747R751","Sell","15","$14.82","$222.23"
"1/7/2026","1/7/2026","1/8/2026","SNOW","Snowflake\nCUSIP: 833445109","Sell","2","$234.49","$468.98"
"1/7/2026","1/7/2026","1/7/2026","SQQQ","Stock Lending","SLIP","","","$0.01"
"1/7/2026","1/7/2026","1/7/2026","PLTZ","Stock Lending","SLIP","","","$0.06"
"1/7/2026","1/7/2026","1/7/2026","TSLQ","Stock Lending","SLIP","","","$0.01"
"1/6/2026","1/6/2026","1/7/2026","ARBE","Arbe Robotics\nCUSIP: M1R95N100","Sell","100","$1.22","$122.48"
"1/6/2026","1/6/2026","1/7/2026","AMDL","GraniteShares ETF Trust GraniteShares 2x Long AMD Daily ETF\nCUSIP: 38747R751","Buy","15","$15.44","($231.55)"
"1/6/2026","1/6/2026","1/7/2026","UBRL","GraniteShares ETF Trust GraniteShares 2x Long UBER Daily ETF\nCUSIP: 38747R694","Buy","10","$22.83","($228.30)"
"1/6/2026","1/6/2026","1/7/2026","SNOW","Snowflake\nCUSIP: 833445109","Buy","2","$228.70","($457.41)"
"1/5/2026","1/5/2026","1/6/2026","ARBE","Arbe Robotics\nCUSIP: M1R95N100","Buy","100","$1.33","($132.75)"
"1/5/2026","1/5/2026","1/6/2026","XLE","XLE 2/20/2026 Call $50.00","STC","10","$0.27","$269.57"
"1/2/2026","1/2/2026","1/2/2026","","Gold Subscription Fee","GOLD","","","($5.00)"
""
"","","","","","","","","","The data provided is for informational purposes only. Please consult a professional tax service or personal tax advisor if you need instructions on how to calculate cost basis or questions regarding your specific tax situation. Reminder: This data does not include Robinhood Crypto or Robinhood Spending activity."
